-- phpMyAdmin SQL Dump
-- version 5.2.1
-- https://www.phpmyadmin.net/
--
-- Host: 127.0.0.1
-- Generation Time: Nov 13, 2024 at 07:40 AM
-- Server version: 10.4.32-MariaDB
-- PHP Version: 8.2.12

SET SQL_MODE = "NO_AUTO_VALUE_ON_ZERO";
START TRANSACTION;
SET time_zone = "+00:00";


/*!40101 SET @OLD_CHARACTER_SET_CLIENT=@@CHARACTER_SET_CLIENT */;
/*!40101 SET @OLD_CHARACTER_SET_RESULTS=@@CHARACTER_SET_RESULTS */;
/*!40101 SET @OLD_COLLATION_CONNECTION=@@COLLATION_CONNECTION */;
/*!40101 SET NAMES utf8mb4 */;

--
-- Database: `pjbe1`
--

-- --------------------------------------------------------

--
-- Table structure for table `manufactures`
--

CREATE TABLE `manufactures` (
  `manu_id` int(11) NOT NULL,
  `manu_name` varchar(100) NOT NULL
) ENGINE=InnoDB DEFAULT CHARSET=utf8mb4 COLLATE=utf8mb4_unicode_ci;

--
-- Dumping data for table `manufactures`
--

INSERT INTO `manufactures` (`manu_id`, `manu_name`) VALUES
(1, 'Apple'),
(2, 'Oppo'),
(3, 'Samsung'),
(4, 'Asus'),
(5, 'Microsoft');

-- --------------------------------------------------------

--
-- Table structure for table `products`
--

CREATE TABLE `products` (
  `id` int(11) NOT NULL,
  `name` varchar(100) NOT NULL,
  `manu_id` int(11) NOT NULL,
  `type_id` int(11) NOT NULL,
  `price` int(11) NOT NULL,
  `image` text NOT NULL,
  `description` text NOT NULL,
  `feature` tinyint(4) NOT NULL,
  `created_at` timestamp NOT NULL DEFAULT current_timestamp()
) ENGINE=InnoDB DEFAULT CHARSET=utf8mb4 COLLATE=utf8mb4_unicode_ci;

--
-- Dumping data for table `products`
--

INSERT INTO `products` (`id`, `name`, `manu_id`, `type_id`, `price`, `image`, `description`, `feature`, `created_at`) VALUES
(1, 'iPhone 16 128GB', 1, 1, 22290000, 'apple1.jpg', 'Cấu hình & Bộ nhớ\r\nHệ điều hành:\r\niOS 18\r\nChip xử lý (CPU):\r\nApple A18 6 nhân\r\nTốc độ CPU:\r\nHãng không công bố\r\nChip đồ họa (GPU):\r\nApple GPU 5 nhân\r\nRAM:\r\n8 GB\r\nDung lượng lưu trữ:\r\n128 GB\r\nDung lượng còn lại (khả dụng) khoảng:\r\n113 GB', 0, '2024-11-10 07:47:11'),
(2, 'iPhone 16 Plus 128GB', 1, 1, 25990000, 'apple2.jpg', 'Cấu hình & Bộ nhớ\r\nHệ điều hành:\r\niOS 18\r\nChip xử lý (CPU):\r\nApple A18 6 nhân\r\nTốc độ CPU:\r\nHãng không công bố\r\nChip đồ họa (GPU):\r\nApple GPU 5 nhân\r\nRAM:\r\n8 GB\r\nDung lượng lưu trữ:\r\n128 GB\r\nDung lượng còn lại (khả dụng) khoảng:\r\n113 GB\r\nDanh bạ:\r\nKhông giới hạn\r\nCamera & Màn hình\r\nĐộ phân giải camera sau:\r\nChính 48 MP & Phụ 12 MP\r\nQuay phim camera sau:\r\nHD 720p@30fps\r\nFullHD 1080p@60fps\r\nFullHD 1080p@30fps\r\nFullHD 1080p@25fps\r\nFullHD 1080p@240fps\r\nFullHD 1080p@120fps\r\n4K 2160p@60fps\r\n4K 2160p@30fps\r\n4K 2160p@25fps\r\n4K 2160p@24fps\r\n2.8K 60fps\r\nĐèn Flash camera sau:\r\nCó\r\nTính năng camera sau:\r\nĐiều khiển camera (Camera Control)\r\nZoom quang học\r\nZoom kỹ thuật số\r\nXóa phông\r\nToàn cảnh (Panorama)\r\nSmart HDR 5\r\nSiêu độ phân giải\r\nSiêu cận (Macro)\r\nGóc siêu rộng (Ultrawide)\r\nDolby Vision HDR\r\nDeep Fusion\r\nCinematic\r\nChụp ảnh liên tục\r\nChống rung quang học (OIS)\r\nChế độ hành động (Action Mode)\r\nBộ lọc màu\r\nBan đêm (Night Mode)\r\nPhotonic Engine\r\nĐộ phân giải camera trước:\r\n12 MP\r\nTính năng camera trước:\r\nSmart HDR 5\r\nXóa phông\r\nTrôi nhanh thời gian (Time Lapse)\r\nRetina Flash\r\nQuay video Full HD\r\nQuay video 4K\r\nQuay chậm (Slow Motion)\r\nNhãn dán (AR Stickers)\r\nLive Photos\r\nDeep Fusion\r\nCinematic\r\nChụp ảnh liên tục\r\nChụp đêm\r\nChống rung\r\nBộ lọc màu\r\nTrueDepth\r\nPhotonic Engine\r\nCông nghệ màn hình:\r\nOLED\r\nĐộ phân giải màn hình:\r\nSuper Retina XDR (1290 x 2796 Pixels)\r\nMàn hình rộng:\r\n6.7\" - Tần số quét 60 Hz\r\nĐộ sáng tối đa:\r\n2000 nits\r\nMặt kính cảm ứng:\r\nKính cường lực Ceramic Shield\r\nPin & Sạc\r\nDung lượng pin:\r\n27 giờ\r\nLoại pin:\r\nLi-Ion\r\nHỗ trợ sạc tối đa:\r\n20 W\r\nCông nghệ pin:\r\nTiết kiệm pin\r\nSạc pin nhanh\r\nSạc ngược qua cáp\r\nSạc không dây MagSafe\r\nSạc không dây\r\nTiện ích\r\nBảo mật nâng cao:\r\nMở khoá khuôn mặt Face ID\r\nTính năng đặc biệt:\r\nÂm thanh Dolby Atmos\r\nPhát hiện va chạm (Crash Detection)\r\nLoa kép\r\nHDR10+\r\nHDR10\r\nDCI-P3\r\nCông nghệ âm thanh Dolby Digital Plus\r\nCông nghệ True Tone\r\nCông nghệ hình ảnh Dolby Vision\r\nCông nghệ HLG\r\nCông nghê âm thanh Dolby Digital\r\nChạm 2 lần sáng màn hình\r\nApple Pay\r\nKháng nước, bụi:\r\nIP68\r\nGhi âm:\r\nGhi âm mặc định\r\nXem phim:\r\nMP4\r\nHEVC\r\nNghe nhạc:\r\nMP3\r\nFLAC\r\nApple Lossless\r\nAPAC\r\nAAC\r\nKết nối\r\nMạng di động:\r\nHỗ trợ 5G\r\nSIM:\r\n1 Nano SIM & 1 eSIM\r\nWifi:\r\nWi-Fi MIMO\r\nWi-Fi 7\r\nGPS:\r\nQZSS\r\niBeacon\r\nGPS\r\nGLONASS\r\nGALILEO\r\nBEIDOU\r\nBluetooth:\r\nv5.3\r\nCổng kết nối/sạc:\r\nType-C\r\nJack tai nghe:\r\nType-C\r\nKết nối khác:\r\nNFC\r\nThiết kế & Chất liệu\r\nThiết kế:\r\nNguyên khối\r\nChất liệu:\r\nKhung nhôm & Mặt lưng kính cường lực\r\nKích thước, khối lượng:\r\nDài 160.9 mm - Ngang 77.8 mm - Dày 7.8 mm - Nặng 199 g\r\nThời điểm ra mắt:\r\n09/2024\r\nHãng:\r\niPhone (Apple).', 0, '2024-11-10 07:52:26'),
(3, 'MacBook Air 13 inch M1', 1, 2, 18490000, 'apple-lap1.jpg', 'Bộ xử lý\r\nCông nghệ CPU:\r\nApple M1\r\nSố nhân:\r\n8\r\nSố luồng:\r\nHãng không công bố\r\nTốc độ CPU:\r\nHãng không công bố\r\nTốc độ tối đa:\r\nHãng không công bố\r\nBộ nhớ đệm:\r\nHãng không công bố\r\nBộ nhớ RAM, Ổ cứng\r\nRAM:\r\n8 GB\r\nLoại RAM:\r\nHãng không công bố\r\nTốc độ Bus RAM:\r\nHãng không công bố\r\nHỗ trợ RAM tối đa:\r\nKhông hỗ trợ nâng cấp\r\nỔ cứng:\r\n256 GB SSD\r\nMàn hình\r\nMàn hình:\r\n13.3\"\r\nĐộ phân giải:\r\nRetina (2560 x 1600)\r\nTần số quét:\r\nHãng không công bố\r\nCông nghệ màn hình:\r\nTấm nền IPS\r\nLED Backlit\r\n400 nits\r\nTrue Tone Technology\r\nĐồ họa và Âm thanh\r\nCard màn hình:\r\nCard tích hợp - 7 nhân GPU\r\nCông nghệ âm thanh:\r\n3 microphones\r\nHeadphones\r\nLoa kép (2 kênh)\r\nCổng kết nối & tính năng mở rộng\r\nCổng giao tiếp:\r\nJack tai nghe 3.5 mm\r\n2 x Thunderbolt 3 (USB-C)\r\nKết nối không dây:\r\nBluetooth 5.0\r\nWi-Fi 6 (802.11ax)\r\nWebcam:\r\n720p FaceTime Camera\r\nTính năng khác:\r\nBảo mật vân tay\r\nĐèn bàn phím:\r\nĐơn sắc - Màu trắng\r\nKích thước & khối lượng\r\nKích thước:\r\nDài 304.1 mm - Rộng 212.4 mm - Dày 4.1 mm đến 16.1 mm\r\nKhối lượng tịnh:\r\n1.29 kg\r\nChất liệu:\r\nVỏ kim loại nguyên khối\r\nThông tin khác\r\nThông tin Pin:\r\nLên đến 18 giờ\r\nHệ điều hành:\r\nmacOS\r\nThời điểm ra mắt:\r\n2020', 0, '2024-11-10 07:59:10'),
(4, 'MacBook Air 15 inch M2', 1, 2, 27590000, 'apple-lap2.jpg', 'Bộ xử lý\r\nCông nghệ CPU:\r\nApple M2 - Hãng không công bố\r\nSố nhân:\r\n8\r\nSố luồng:\r\nHãng không công bố\r\nTốc độ CPU:\r\n100GB/s\r\nTốc độ tối đa:\r\nHãng không công bố\r\nBộ nhớ đệm:\r\nHãng không công bố\r\nBộ nhớ RAM, Ổ cứng\r\nRAM:\r\n8 GB\r\nLoại RAM:\r\nHãng không công bố\r\nTốc độ Bus RAM:\r\nHãng không công bố\r\nHỗ trợ RAM tối đa:\r\nKhông hỗ trợ nâng cấp\r\nỔ cứng:\r\n256 GB SSD\r\nMàn hình\r\nMàn hình:\r\n15.3\"\r\nĐộ phân giải:\r\nLiquid Retina\r\nTần số quét:\r\nHãng không công bố\r\nCông nghệ màn hình:\r\nWide color (P3)\r\nLED Backlit\r\nCông nghệ IPS\r\n500 nits brightness\r\nTrue Tone Technology\r\n1 tỷ màu\r\nĐồ họa và Âm thanh\r\nCard màn hình:\r\nCard tích hợp - 10 nhân GPU\r\nCông nghệ âm thanh:\r\nHệ thống âm thanh 6 loa\r\nSpatial Audio\r\n3 microphones\r\nDolby Atmos\r\nCổng kết nối & tính năng mở rộng\r\nCổng giao tiếp:\r\nMagSafe 3\r\nJack tai nghe 3.5 mm\r\n2 x Thunderbolt / USB 4 (hỗ trợ DisplayPort, Thunderbolt 3 (up to 40Gb/s), USB 4 (up to 40Gb/s))\r\nKết nối không dây:\r\nWi-Fi 6 (802.11ax)\r\nBluetooth 5.3\r\nWebcam:\r\n1080p FaceTime HD camera\r\nTính năng khác:\r\nBảo mật vân tay\r\nĐèn bàn phím:\r\nĐơn sắc - Màu trắng\r\nKích thước & khối lượng\r\nKích thước:\r\nDài 340.4 mm - Rộng 237.6 mm - Dày 11.5 mm\r\nKhối lượng tịnh:\r\n1.51 kg\r\nChất liệu:\r\nVỏ kim loại\r\nThông tin khác\r\nThông tin Pin:\r\nLên đến 18 giờ\r\nCông suất bộ sạc:\r\n35 W\r\nHệ điều hành:\r\nmacOS', 0, '2024-11-10 07:59:10'),
(5, 'AirPods Pro Gen 2 (USB-C)', 1, 3, 5790000, 'apple-tainghe1.jpg', 'Thời lượng pin tai nghe:\r\nDùng 6 giờ - Sạc Hãng không công bố\r\nThời lượng pin hộp sạc:\r\nDùng 30 giờ - Sạc Hãng không công bố\r\nCổng sạc:\r\nSạc MagSafe\r\nType-C\r\nCông nghệ âm thanh:\r\nActive Noise Cancellation\r\nChip Apple H2\r\nAdaptive EQ\r\nAmbient Sound\r\nTương thích:\r\nAndroid, iOS, Windows\r\nmacOS (Macbook, iMac)\r\nTiện ích:\r\nSạc không dây\r\nTrợ lý ảo Siri\r\nChống nước & bụi IP54\r\nCó mic thoại\r\nSạc nhanh\r\nChống ồn chủ động ANC\r\nKết nối cùng lúc:\r\n1 thiết bị\r\nCông nghệ kết nối:\r\nBluetooth 5.3\r\nĐiều khiển:\r\nCảm ứng chạm\r\nPhím điều khiển:\r\nTăng/giảm âm lượng\r\nPhát/dừng chơi nhạc\r\nChuyển bài hát\r\nBật trợ lí ảo\r\nChuyển chế độ\r\nNhận/Ngắt cuộc gọi\r\nBật/Tắt chống ồn\r\nKích thước:\r\nDài 3.09 cm - Rộng 2.18 cm - Cao 2.17 cm\r\nKhối lượng:\r\n5.3 g\r\nThương hiệu của:\r\nMỹ\r\nSản xuất tại:\r\nViệt Nam / Trung Quốc (tùy lô hàng)\r\nHãng:\r\nApple', 0, '2024-11-10 08:04:30'),
(6, 'AirPods 4', 1, 3, 3490000, 'apple-tainghe2.jpg', 'Thời lượng pin tai nghe:\r\nDùng 5 giờ - Sạc Hãng không công bố\r\nThời lượng pin hộp sạc:\r\nDùng 30 giờ - Sạc Hãng không công bố\r\nCổng sạc:\r\nType-C\r\nCông nghệ âm thanh:\r\nVoice Isolation\r\nChip Apple H2\r\nAdaptive EQ\r\nTương thích:\r\nAndroid, iOS, Windows\r\nmacOS (Macbook, iMac)\r\nTiện ích:\r\nTrợ lý ảo Siri\r\nChống nước & bụi IP54\r\nCó mic thoại\r\nSạc nhanh\r\nKết nối cùng lúc:\r\n1 thiết bị\r\nCông nghệ kết nối:\r\nBluetooth 5.3\r\nĐiều khiển:\r\nCảm ứng chạm\r\nPhím điều khiển:\r\nPhát/dừng chơi nhạc\r\nChuyển bài hát\r\nBật trợ lí ảo\r\nChuyển chế độ\r\nNhận/Ngắt cuộc gọi\r\nKích thước:\r\nDài 3.02 cm - Rộng 1.83 cm - Cao 1.81 cm\r\nKhối lượng:\r\n4.3 g\r\nThương hiệu của:\r\nMỹ\r\nSản xuất tại:\r\nViệt Nam / Trung Quốc (tùy lô hàng)\r\nHãng:\r\nApple', 0, '2024-11-10 08:04:30'),
(7, 'Apple Watch Series 10 42mm viền nhôm dây thể thao', 1, 4, 10790000, 'apple-dongho1.jpg', 'Màn hình\r\nCông nghệ màn hình:\r\nOLED\r\nKích thước màn hình:\r\nHãng không công bố\r\nĐộ phân giải:\r\n374 x 446 pixels\r\nKích thước mặt:\r\n42 mm\r\nThiết kế\r\nChất liệu mặt:\r\nIon-X strengthened glass\r\nChất liệu khung viền:\r\nHợp kim nhôm\r\nChất liệu dây:\r\nSilicone\r\nĐộ rộng dây:\r\nHãng không công bố\r\nĐộ dài dây:\r\nHãng không công bố\r\nKhả năng thay dây:\r\nCó\r\nKích thước, khối lượng:\r\nDài 42 mm - Ngang 36 mm - Dày 9.7 mm - Nặng 30 g\r\nTiện ích\r\nMôn thể thao:\r\nĐạp xe\r\nĐi bộ\r\nYoga\r\nChạy bộ\r\nBơi lội\r\nBa môn phối hợp (Triathlon)\r\nGolf\r\nTrượt tuyết\r\nChèo thuyền\r\nHỗ trợ nghe gọi:\r\nNghe gọi ngay trên đồng hồ\r\nTiện ích đặc biệt:\r\nMàn hình luôn hiển thị\r\nPhát hiện té ngã\r\nNghe nhạc\r\nKết nối bluetooth với tai nghe\r\nChống nước / Kháng nước:\r\nChống nước 5 ATM - ISO 22810:2010 (Tắm, bơi vùng nước nông)\r\nTheo dõi sức khoẻ:\r\nĐiện tâm đồ\r\nĐo nồng độ oxy (SpO2)\r\nƯớc tính ngày rụng trứng\r\nVùng nhịp tim\r\nTheo dõi Nồng độ oxy trong máu 24h\r\nTheo dõi nhịp thở 24/7\r\nCảnh báo ngưng thở khi ngủ\r\nChấm điểm giấc ngủ\r\nTính quãng đường chạy\r\nTheo dõi nhịp tim 24h\r\nTheo dõi mức độ căng thẳng 24h\r\nTính lượng calories tiêu thụ\r\nTheo dõi giấc ngủ\r\nTheo dõi chu kỳ kinh nguyệt\r\nNhắc nhở nhịp tim cao, thấp\r\nĐo nhịp tim\r\nĐếm số bước chân\r\nTiện ích khác:\r\nTính năng Family Setup\r\nTrợ lý giọng nói\r\nNâng cổ tay sáng màn hình\r\nMàn hình cảm ứng\r\nĐồng hồ bấm giờ\r\nĐiều khiển chụp ảnh\r\nĐiều khiển chơi nhạc\r\nTừ chối cuộc gọi\r\nTìm điện thoại\r\nThay mặt đồng hồ\r\nRung thông báo\r\nDự báo thời tiết\r\nCuộc gọi khẩn cấp SOS\r\nBáo thức\r\nỨng dụng Tiếng Ồn\r\nỨng dụng Thuốc\r\nỨng dụng Sinh Hiệu\r\nỨng dụng Chú Tâm (Mindfulness)\r\nVòng hoạt động\r\nThủy triều\r\nPhát hiện va chạm\r\nLoa và mic thế hệ thứ hai\r\nKhối lượng tập luyện\r\nChạm hai lần (Double Tap)\r\nBài tập Gym và Fitness (Cardio, HIIT, Pilates,...)\r\nApple Pay\r\nNgăn xếp thông minh (Smart Stack)\r\nSạc nhanh\r\nHiển thị thông báo:\r\nLine\r\nMessenger (Facebook)\r\nViber\r\nZalo\r\nTin nhắn\r\nCuộc gọi\r\nPin\r\nThời gian sử dụng pin:\r\nKhoảng 36 giờ (ở chế độ Năng lượng thấp)\r\nKhoảng 18 giờ (ở chế độ sử dụng thông thường)\r\nThời gian sạc:\r\nHãng không công bố\r\nDung lượng pin:\r\nHãng không công bố\r\nCổng sạc:\r\nĐế sạc nam châm\r\nCấu hình & Kết nối\r\nCPU:\r\nApple S10 SiP\r\nBộ nhớ trong:\r\n64 GB\r\nHệ điều hành:\r\nWatchOS phiên bản mới nhất\r\nKết nối được với hệ điều hành:\r\niPhone Xs trở lên chạy iOS 18 trở lên\r\nỨng dụng quản lý:\r\nWatch\r\nKết nối:\r\nBluetooth v5.3\r\nNFC\r\nCảm biến:\r\nCảm biến nhiệt độ nước\r\nCảm biến ánh sáng môi trường\r\nGia tốc kế lực G cao\r\nCảm biến nhiệt độ\r\nCon quay hồi chuyển dải động cao\r\nCảm biến điện học (ECG)\r\nCảm biến độ sâu\r\nCảm biến nhịp tim quang học thế hệ 3\r\nCao áp kế\r\nLa bàn\r\nĐo SpO2\r\nĐịnh vị:\r\nBeidou\r\nGLONASS\r\nGPS\r\nQZSS\r\nGalileo\r\nThông tin khác\r\nSản xuất tại:\r\nTrung Quốc\r\nThời gian ra mắt:\r\n09/2024\r\nNgôn ngữ:\r\nTiếng Việt\r\nTiếng Anh\r\nHãng:\r\nApple', 0, '2024-11-10 08:09:36'),
(8, 'Apple Watch Series 10 46mm viền nhôm dây thể thao', 1, 4, 11790000, 'apple-dongho2.jpg', 'Màn hình\r\nCông nghệ màn hình:\r\nOLED\r\nKích thước màn hình:\r\nHãng không công bố\r\nĐộ phân giải:\r\n416 x 496 pixels\r\nKích thước mặt:\r\n46 mm\r\nThiết kế\r\nChất liệu mặt:\r\nIon-X strengthened glass\r\nChất liệu khung viền:\r\nHợp kim nhôm\r\nChất liệu dây:\r\nSilicone\r\nĐộ rộng dây:\r\nHãng không công bố\r\nĐộ dài dây:\r\nHãng không công bố\r\nKhả năng thay dây:\r\nCó\r\nKích thước, khối lượng:\r\nDài 46 mm - Ngang 39 mm - Dày 9.7 mm - Nặng 36.4 g\r\nTiện ích\r\nMôn thể thao:\r\nĐạp xe\r\nĐi bộ\r\nYoga\r\nChạy bộ\r\nBơi lội\r\nBa môn phối hợp (Triathlon)\r\nGolf\r\nTrượt tuyết\r\nChèo thuyền\r\nHỗ trợ nghe gọi:\r\nNghe gọi ngay trên đồng hồ\r\nTiện ích đặc biệt:\r\nMàn hình luôn hiển thị\r\nPhát hiện té ngã\r\nNghe nhạc\r\nKết nối bluetooth với tai nghe\r\nChống nước / Kháng nước:\r\nChống nước 5 ATM - ISO 22810:2010 (Tắm, bơi vùng nước nông)\r\nTheo dõi sức khoẻ:\r\nĐiện tâm đồ\r\nĐo nồng độ oxy (SpO2)\r\nƯớc tính ngày rụng trứng\r\nVùng nhịp tim\r\nTheo dõi Nồng độ oxy trong máu 24h\r\nTheo dõi nhịp thở 24/7\r\nCảnh báo ngưng thở khi ngủ\r\nChấm điểm giấc ngủ\r\nTính quãng đường chạy\r\nTheo dõi nhịp tim 24h\r\nTheo dõi mức độ căng thẳng 24h\r\nTính lượng calories tiêu thụ\r\nTheo dõi giấc ngủ\r\nTheo dõi chu kỳ kinh nguyệt\r\nNhắc nhở nhịp tim cao, thấp\r\nĐo nhịp tim\r\nĐếm số bước chân\r\nTiện ích khác:\r\nTính năng Family Setup\r\nTrợ lý giọng nói\r\nNâng cổ tay sáng màn hình\r\nMàn hình cảm ứng\r\nĐồng hồ bấm giờ\r\nĐiều khiển chụp ảnh\r\nĐiều khiển chơi nhạc\r\nTừ chối cuộc gọi\r\nTìm điện thoại\r\nThay mặt đồng hồ\r\nRung thông báo\r\nDự báo thời tiết\r\nCuộc gọi khẩn cấp SOS\r\nBáo thức\r\nỨng dụng Tiếng Ồn\r\nỨng dụng Thuốc\r\nỨng dụng Sinh Hiệu\r\nỨng dụng Chú Tâm (Mindfulness)\r\nVòng hoạt động\r\nThủy triều\r\nPhát hiện va chạm\r\nLoa và mic thế hệ thứ hai\r\nKhối lượng tập luyện\r\nChạm hai lần (Double Tap)\r\nBài tập Gym và Fitness (Cardio, HIIT, Pilates,...)\r\nApple Pay\r\nNgăn xếp thông minh (Smart Stack)\r\nSạc nhanh\r\nHiển thị thông báo:\r\nLine\r\nMessenger (Facebook)\r\nViber\r\nZalo\r\nTin nhắn\r\nCuộc gọi\r\nPin\r\nThời gian sử dụng pin:\r\nKhoảng 36 giờ (ở chế độ Năng lượng thấp)\r\nKhoảng 18 giờ (ở chế độ sử dụng thông thường)\r\nThời gian sạc:\r\nHãng không công bố\r\nDung lượng pin:\r\nHãng không công bố\r\nCổng sạc:\r\nĐế sạc nam châm\r\nCấu hình & Kết nối\r\nCPU:\r\nApple S10 SiP\r\nBộ nhớ trong:\r\n64 GB\r\nHệ điều hành:\r\nWatchOS phiên bản mới nhất\r\nKết nối được với hệ điều hành:\r\niPhone Xs trở lên chạy iOS 18 trở lên\r\nỨng dụng quản lý:\r\nWatch\r\nKết nối:\r\nBluetooth v5.3\r\nNFC\r\nCảm biến:\r\nCảm biến nhiệt độ nước\r\nCảm biến ánh sáng môi trường\r\nGia tốc kế lực G cao\r\nCảm biến nhiệt độ\r\nCon quay hồi chuyển dải động cao\r\nCảm biến điện học (ECG)\r\nCảm biến độ sâu\r\nCảm biến nhịp tim quang học thế hệ 3\r\nCao áp kế\r\nLa bàn\r\nĐo SpO2\r\nĐịnh vị:\r\nBeidou\r\nGLONASS\r\nGPS\r\nQZSS\r\nGalileo\r\nThông tin khác\r\nSản xuất tại:\r\nTrung Quốc\r\nThời gian ra mắt:\r\n09/2024\r\nNgôn ngữ:\r\nTiếng Việt\r\nTiếng Anh\r\nHãng:\r\nApple.', 0, '2024-11-10 08:09:36'),
(9, 'iMac 24 inch 4.5K M3', 1, 5, 34490000, 'apple-pc1.jpg', 'Bộ xử lý\r\nCông nghệ CPU:\r\nApple M3 8-core\r\nLoại CPU:\r\nHãng không công bố\r\nTốc độ CPU:\r\n100 GB/s\r\nTốc độ tối đa:\r\nHãng không công bố\r\nSocket:\r\nAM4\r\nChipset:\r\nHãng không công bố\r\nBộ nhớ RAM, Ổ cứng\r\nRAM:\r\n8 GB\r\nLoại RAM:\r\nHãng không công bố\r\nSố khe RAM:\r\nHãng không công bố\r\nTốc độ Bus RAM:\r\nHãng không công bố\r\nHỗ trợ RAM tối đa:\r\nKhông hỗ trợ nâng cấp\r\nỔ cứng:\r\n256 GB SSD\r\nMàn hình\r\nKích thước màn hình:\r\n24\"\r\nCông nghệ màn hình:\r\nCông nghệ True Tone\r\nĐộ sáng 500 nits\r\nWide color (P3)\r\nĐộ phân giải:\r\nRetina 4.5K (4480 x 2520)\r\nĐồ họa và Âm thanh\r\nThiết kế card:\r\nCard đồ hoạ tích hợp\r\nCard màn hình:\r\n8-core GPU\r\nCông nghệ âm thanh:\r\n3 micro\r\nDolby Atmos\r\nHệ thống 6 loa\r\nWide stereo sound\r\nSpatial Audio\r\nMainboard\r\nTổng số khe RAM:\r\n2 x DIMM\r\nCard đồ hoạ rời\r\nBus bộ nhớ:\r\n128 Bit\r\nYêu cầu cấp nguồn trực tiếp:\r\nĐang cập nhật\r\nCASE\r\nSố lượng quạt kèm theo:\r\n3 quạt\r\nCổng kết nối & tính năng mở rộng\r\nCổng giao tiếp:\r\n1 x Jack 3.5 mm\r\n2 x Thunderbolt/USB 4 (hỗ trợ DisplayPort, Thunderbolt 3 up to 40Gb/s, USB 4 up to 40Gb/s và USB 3.1 Gen 2 up to 10Gb/s)\r\nGiao tiếp mạng:\r\nWi-Fi 6E (802.11ax)\r\nBluetooth 5.3\r\nWebcam:\r\n1080p FaceTime HD camera\r\nTính năng khác:\r\nĐi kèm chuột & bàn phím không dây\r\nKích thước & khối lượng\r\nKích thước, khối lượng:\r\nDài 547 mm - Rộng 461 mm - Dày 147 mm - Nặng 4.43 kg\r\nThông tin khác\r\nBộ nguồn điện:\r\n143 W\r\nHệ điều hành:\r\nmacOS Sonoma\r\nThời gian ra mắt:\r\n2023', 0, '2024-11-10 08:13:20'),
(10, 'Mac mini M2 2023 10 core GPU', 1, 5, 19990000, 'apple-pc2.jpg', 'Bộ xử lý\r\nCông nghệ CPU:\r\nApple M2\r\nLoại CPU:\r\n8 nhân CPU\r\nTốc độ CPU:\r\n100 GB/s\r\nTốc độ tối đa:\r\nHãng không công bố\r\nChipset:\r\nHãng không công bố\r\nBộ nhớ RAM, Ổ cứng\r\nRAM:\r\n16 GB\r\nLoại RAM:\r\nHãng không công bố\r\nSố khe RAM:\r\nHãng không công bố\r\nTốc độ Bus RAM:\r\nHãng không công bố\r\nHỗ trợ RAM tối đa:\r\nKhông hỗ trợ nâng cấp\r\nỔ cứng:\r\n256 GB SSD\r\nĐồ họa và Âm thanh\r\nThiết kế card:\r\nCard đồ hoạ tích hợp\r\nCard màn hình:\r\n10-core GPU\r\nCổng kết nối & tính năng mở rộng\r\nCổng giao tiếp:\r\nLAN (RJ45)\r\n2 x USB A\r\n2 x Thunderbolt 4\r\n1 x Jack 3.5 mm\r\nHDMI\r\nGiao tiếp mạng:\r\nWi-Fi 6E (802.11ax)\r\nBluetooth 5.3\r\nKích thước & khối lượng\r\nKích thước, khối lượng:\r\nDài 197 mm - Rộng 197 mm - Dày 35.8 mm - Nặng 1.18 kg\r\nThông tin khác\r\nBộ nguồn điện:\r\n150 W\r\nHệ điều hành:\r\nmacOS\r\nThời gian ra mắt:\r\n2023', 0, '2024-11-10 08:13:20'),
(11, 'OPPO A3x', 2, 1, 3290000, 'oppo1.jpg', 'Cấu hình & Bộ nhớ\r\nHệ điều hành:\r\nAndroid 14\r\nChip xử lý (CPU):\r\nSnapdragon 6s Gen 1 8 nhân\r\nTốc độ CPU:\r\n4 nhân 2.1 GHz & 4 nhân 2.0 GHz\r\nChip đồ họa (GPU):\r\nAdreno 610\r\nRAM:\r\n6 GB\r\nDung lượng lưu trữ:\r\n128 GB\r\nDung lượng còn lại (khả dụng) khoảng:\r\n113 GB\r\nThẻ nhớ:\r\nMicroSD, hỗ trợ tối đa 1 TB\r\nDanh bạ:\r\nKhông giới hạn\r\nCamera & Màn hình\r\nĐộ phân giải camera sau:\r\nChính 8 MP & Cảm biến Flicker\r\nQuay phim camera sau:\r\nHD 720p@30fps\r\nFullHD 1080p@30fps\r\nĐèn Flash camera sau:\r\nCó\r\nTính năng camera sau:\r\nXóa phông\r\nTrôi nhanh thời gian (Time Lapse)\r\nToàn cảnh (Panorama)\r\nQuét tài liệu\r\nQuay chậm (Slow Motion)\r\nNhãn dán (AR Stickers)\r\nLàm đẹp AI\r\nChuyên nghiệp (Pro)\r\nBan đêm (Night Mode)\r\nĐộ phân giải camera trước:\r\n5 MP\r\nTính năng camera trước:\r\nXóa phông\r\nTrôi nhanh thời gian (Time Lapse)\r\nToàn cảnh (Panorama)\r\nNhãn dán (AR Stickers)\r\nChụp đêm\r\nCông nghệ màn hình:\r\nIPS LCD\r\nĐộ phân giải màn hình:\r\nHD+ (720 x 1604 Pixels)\r\nMàn hình rộng:\r\n6.67\" - Tần số quét 90 Hz\r\nĐộ sáng tối đa:\r\n1000 nits\r\nMặt kính cảm ứng:\r\nKính cường lực Panda\r\nPin & Sạc\r\nDung lượng pin:\r\n5100 mAh\r\nLoại pin:\r\nLi-Po\r\nHỗ trợ sạc tối đa:\r\n45 W\r\nSạc kèm theo máy:\r\n45 W\r\nCông nghệ pin:\r\nTiết kiệm pin\r\nSạc siêu nhanh SuperVOOC\r\nTiện ích\r\nBảo mật nâng cao:\r\nMở khoá vân tay cạnh viền\r\nMở khoá khuôn mặt\r\nTính năng đặc biệt:\r\nỨng dụng kép (Nhân bản ứng dụng)\r\nĐộ bền chuẩn quân đội MIL-STD 810H\r\nMở rộng bộ nhớ RAM\r\nCử chỉ thông minh\r\nKháng nước, bụi:\r\nIP54\r\nGhi âm:\r\nGhi âm mặc định\r\nGhi âm cuộc gọi\r\nRadio:\r\nFM không cần tai nghe\r\nXem phim:\r\nMP4\r\nAVI\r\nNghe nhạc:\r\nOGG\r\nMP3\r\nMidi\r\nFLAC\r\nKết nối\r\nMạng di động:\r\nHỗ trợ 4G\r\nSIM:\r\n2 Nano SIM\r\nWifi:\r\nWi-Fi hotspot\r\nWi-Fi Direct\r\nWi-Fi 802.11 a/b/g/n/ac\r\nDual-band (2.4 GHz/5 GHz)\r\nGPS:\r\nQZSS\r\nGPS\r\nGLONASS\r\nGALILEO\r\nBEIDOU\r\nBluetooth:\r\nv5.0\r\nCổng kết nối/sạc:\r\nType-C\r\nJack tai nghe:\r\n3.5 mm\r\nKết nối khác:\r\nOTG\r\nThiết kế & Chất liệu\r\nThiết kế:\r\nNguyên khối\r\nChất liệu:\r\nKhung nhựa & Mặt lưng thuỷ tinh hữu cơ\r\nKích thước, khối lượng:\r\nDài 165.77 mm - Ngang 76.08 mm - Dày 7.68 mm - Nặng 186 g\r\nThời điểm ra mắt:\r\n08/2024\r\nHãng:\r\nOPPO', 0, '2024-11-10 08:22:31'),
(12, 'OPPO Reno12 5G', 2, 1, 12990000, 'oppo2.jpg', 'Cấu hình & Bộ nhớ\r\nHệ điều hành:\r\nAndroid 14\r\nChip xử lý (CPU):\r\nMediaTek Dimensity 7300-Energy 5G 8 nhân\r\nTốc độ CPU:\r\n4 nhân 2.5 GHz & 4 nhân 2 GHz\r\nChip đồ họa (GPU):\r\nMali-G615\r\nRAM:\r\n12 GB\r\nDung lượng lưu trữ:\r\n256 GB\r\nDung lượng còn lại (khả dụng) khoảng:\r\n210 GB\r\nThẻ nhớ:\r\nMicroSD, hỗ trợ tối đa 1 TB\r\nDanh bạ:\r\nKhông giới hạn\r\nCamera & Màn hình\r\nĐộ phân giải camera sau:\r\nChính 50 MP & Phụ 8 MP, 2 MP\r\nQuay phim camera sau:\r\nHD 720p@960fps\r\nHD 720p@30fps\r\nHD 720p@240fps\r\nFullHD 1080p@60fps\r\nFullHD 1080p@480fps\r\nFullHD 1080p@30fps\r\nFullHD 1080p@120fps\r\n4K 2160p@30fps\r\nĐèn Flash camera sau:\r\nCó\r\nTính năng camera sau:\r\nXóa phông\r\nXoá vật thể AI\r\nTách nền AI\r\nTrôi nhanh thời gian (Time Lapse)\r\nToàn cảnh (Panorama)\r\nSiêu độ phân giải\r\nSiêu cận (Macro)\r\nQuét tài liệu\r\nQuét mã QR\r\nQuay video hiển thị kép\r\nQuay chậm (Slow Motion)\r\nNhãn dán (AR Stickers)\r\nLàm đẹp AI\r\nHDR\r\nGóc siêu rộng (Ultrawide)\r\nGoogle Lens\r\nChụp ngắt quãng\r\nChụp hẹn giờ\r\nChống rung điện tử kỹ thuật số (EIS)\r\nChống rung quang học (OIS)\r\nChân dung AI\r\nChuyên nghiệp (Pro)\r\nBộ lọc màu\r\nBan đêm (Night Mode)\r\nAI Studio\r\nĐộ phân giải camera trước:\r\n32 MP\r\nTính năng camera trước:\r\nXóa phông\r\nVideo hiển thị kép\r\nTrôi nhanh thời gian (Time Lapse)\r\nToàn cảnh (Panorama)\r\nQuay video HD\r\nQuay video Full HD\r\nQuay video 4K\r\nNhãn dán (AR Stickers)\r\nLàm đẹp A.I\r\nHDR\r\nFlash màn hình\r\nChụp đêm\r\nChụp ngắt quãng\r\nChụp hẹn giờ\r\nBộ lọc màu\r\nCông nghệ màn hình:\r\nAMOLED\r\nĐộ phân giải màn hình:\r\nFull HD+ (1080 x 2412 Pixels)\r\nMàn hình rộng:\r\n6.7\" - Tần số quét 120 Hz\r\nĐộ sáng tối đa:\r\n1200 nits\r\nMặt kính cảm ứng:\r\nKính cường lực Corning Gorilla Glass 7i\r\nPin & Sạc\r\nDung lượng pin:\r\n5000 mAh\r\nLoại pin:\r\nLi-Po\r\nHỗ trợ sạc tối đa:\r\n80 W\r\nSạc kèm theo máy:\r\n80 W\r\nCông nghệ pin:\r\nTiết kiệm pin\r\nSạc siêu nhanh SuperVOOC\r\nTiện ích\r\nBảo mật nâng cao:\r\nMở khoá vân tay dưới màn hình\r\nMở khoá khuôn mặt\r\nTính năng đặc biệt:\r\nỨng dụng kép (Nhân bản ứng dụng)\r\nĐa cửa sổ (chia đôi màn hình)\r\nTrợ lý ảo Google Assistant\r\nThu nhỏ màn hình sử dụng một tay\r\nThanh bên thông minh\r\nMàn hình luôn hiển thị AOD\r\nKhoá ứng dụng\r\nHDR10+\r\nDCI-P3\r\nCửa sổ nổi\r\nCử chỉ thông minh\r\nCử chỉ màn hình tắt\r\nCử chỉ không chạm\r\nChế độ đơn giản (Giao diện đơn giản)\r\nChế độ trẻ em (Không gian trẻ em)\r\nChạm 2 lần tắt/sáng màn hình\r\nKháng nước, bụi:\r\nIP65\r\nGhi âm:\r\nGhi âm mặc định\r\nGhi âm cuộc gọi\r\nXem phim:\r\nMP4\r\nAVI\r\nNghe nhạc:\r\nOGG\r\nMP3\r\nMidi\r\nFLAC\r\nKết nối\r\nMạng di động:\r\nHỗ trợ 5G\r\nSIM:\r\n2 Nano SIM\r\nWifi:\r\nWi-Fi MIMO\r\nWi-Fi hotspot\r\nWi-Fi Direct\r\nWi-Fi 6\r\nWi-Fi 5\r\nDual-band (2.4 GHz/5 GHz)\r\nGPS:\r\nQZSS\r\nGPS\r\nGLONASS\r\nGALILEO\r\nBEIDOU\r\nBluetooth:\r\nv5.4\r\nCổng kết nối/sạc:\r\nType-C\r\nJack tai nghe:\r\nType-C\r\nKết nối khác:\r\nOTG\r\nNFC\r\nHồng ngoại\r\nThiết kế & Chất liệu\r\nThiết kế:\r\nNguyên khối\r\nChất liệu:\r\nKhung nhựa & Mặt lưng kính\r\nKích thước, khối lượng:\r\nDài 161.4 mm - Ngang 74.1 mm - Dày 7.57 mm - Nặng 177 g\r\nThời điểm ra mắt:\r\n07/2024\r\nHãng:\r\nOPPO.', 0, '2024-11-10 08:22:31'),
(13, 'OPPO Pad Neo WiFi 6GB/128GB', 2, 2, 6390000, 'oppo-lap1.jpg', 'Màn hình\r\nCông nghệ màn hình:\r\nIPS LCD\r\nĐộ phân giải:\r\n1720 x 2408 Pixels\r\nMàn hình rộng:\r\n11.4\" - Tần số quét 90 Hz\r\nHệ điều hành & CPU\r\nHệ điều hành:\r\nAndroid 13\r\nChip xử lý (CPU):\r\nMediaTek Helio G99\r\nTốc độ CPU:\r\n2.2 GHz\r\nChip đồ hoạ (GPU):\r\nMali-G57 MC2\r\nBộ nhớ & Lưu trữ\r\nRAM:\r\n6 GB\r\nDung lượng lưu trữ:\r\n128 GB\r\nDung lượng còn lại (khả dụng) khoảng:\r\n109 GB\r\nThẻ nhớ ngoài:\r\nMicro SD, hỗ trợ tối đa 1 TB\r\nCamera sau\r\nĐộ phân giải:\r\n8 MP\r\nQuay phim:\r\nHD 720p@30fps\r\nFullHD 1080p@30fps\r\nTính năng:\r\nBộ lọc màu\r\nZoom kỹ thuật số\r\nTua nhanh thời gian (Time‑lapse)\r\nToàn cảnh (Panorama)\r\nQuét tài liệu\r\nQuét mã QR\r\nNhãn dán (AR Stickers)\r\nLàm đẹp\r\nHDR\r\nChụp hẹn giờ\r\nChống rung EIS\r\nCamera AI\r\nTự động lấy nét\r\nCamera trước\r\nĐộ phân giải:\r\n8 MP\r\nTính năng:\r\nTrôi nhanh thời gian (Time Lapse)\r\nToàn cảnh (Panorama)\r\nXóa phông\r\nQuay video HD\r\nQuay video Full HD\r\nNhãn dán (AR Stickers)\r\nLàm đẹp\r\nHẹn giờ chụp\r\nHDR\r\nFlash màn hình\r\nKết nối\r\nWifi:\r\nWi-Fi Direct\r\nWi-Fi 802.11 a/b/g/n/ac\r\nDual-band\r\nGPS:\r\nGPS\r\nGLONASS\r\nGALILEO\r\nBDS\r\nBluetooth:\r\nv5.2\r\nLE\r\nA2DP\r\nCổng kết nối/sạc:\r\nType-C\r\nJack tai nghe:\r\nType-C\r\nKết nối khác:\r\nOTG\r\nTiện ích\r\nTính năng đặc biệt:\r\nỨng dụng kép (Nhân bản ứng dụng)\r\nĐa cửa sổ\r\nÂm thanh Hi-Res Audio\r\nÂm thanh Dolby Atmos\r\nTrợ lý ảo Google\r\nThanh bên thông minh\r\nMở khóa bằng khuôn mặt\r\nKhoá ứng dụng\r\nChạm 2 lần tắt/mở màn hình\r\n4 loa\r\nGhi âm:\r\nCó\r\nPin & Sạc\r\nDung lượng pin:\r\n8000 mAh\r\nLoại pin:\r\nLi-Po\r\nCông nghệ pin:\r\nSUPERVOOC\r\nSiêu tiết kiệm pin\r\nTiết kiệm pin\r\nHỗ trợ sạc tối đa:\r\n33 W\r\nSạc kèm theo máy:\r\n33 W\r\nThông tin chung\r\nChất liệu:\r\nKhung kim loại & Mặt lưng kính, nhôm\r\nKích thước, khối lượng:\r\nDài 255.12 mm - Ngang 188.04 mm - Dày 6.89 mm - Nặng 538 g\r\nThời điểm ra mắt:\r\n01/2024\r\nHãng:\r\nOPPO.', 0, '2024-11-10 08:22:31'),
(14, 'OPPO Pad Neo 4G 8GB/128GB', 2, 2, 7690000, 'oppe-lap2.jpg', 'Màn hình\r\nCông nghệ màn hình:\r\nIPS LCD\r\nĐộ phân giải:\r\n1720 x 2408 Pixels\r\nMàn hình rộng:\r\n11.4\" - Tần số quét 90 Hz\r\nHệ điều hành & CPU\r\nHệ điều hành:\r\nAndroid 13\r\nChip xử lý (CPU):\r\nMediaTek Helio G99\r\nTốc độ CPU:\r\n2.2 GHz\r\nChip đồ hoạ (GPU):\r\nMali-G57 MC2\r\nBộ nhớ & Lưu trữ\r\nRAM:\r\n8 GB\r\nDung lượng lưu trữ:\r\n128 GB\r\nDung lượng còn lại (khả dụng) khoảng:\r\n109 GB\r\nThẻ nhớ ngoài:\r\nMicro SD, hỗ trợ tối đa 1 TB\r\nCamera sau\r\nĐộ phân giải:\r\n8 MP\r\nQuay phim:\r\nHD 720p@30fps\r\nFullHD 1080p@30fps\r\nTính năng:\r\nBộ lọc màu\r\nZoom kỹ thuật số\r\nTua nhanh thời gian (Time‑lapse)\r\nToàn cảnh (Panorama)\r\nQuét tài liệu\r\nQuét mã QR\r\nNhãn dán (AR Stickers)\r\nLàm đẹp\r\nHDR\r\nChụp hẹn giờ\r\nChống rung EIS\r\nCamera AI\r\nTự động lấy nét\r\nCamera trước\r\nĐộ phân giải:\r\n8 MP\r\nTính năng:\r\nTrôi nhanh thời gian (Time Lapse)\r\nToàn cảnh (Panorama)\r\nXóa phông\r\nQuay video HD\r\nQuay video Full HD\r\nNhãn dán (AR Stickers)\r\nLàm đẹp\r\nHẹn giờ chụp\r\nHDR\r\nFlash màn hình\r\nKết nối\r\nMạng di động:\r\nHỗ trợ 4G\r\nSIM:\r\n1 Nano SIM\r\nThực hiện cuộc gọi:\r\nCó nghe gọi\r\nWifi:\r\nWi-Fi hotspot\r\nWi-Fi Direct\r\nWi-Fi 802.11 a/b/g/n/ac\r\nDual-band\r\nGPS:\r\nGPS\r\nGLONASS\r\nGALILEO\r\nBDS\r\nBluetooth:\r\nv5.2\r\nLE\r\nA2DP\r\nCổng kết nối/sạc:\r\nType-C\r\nJack tai nghe:\r\nType-C\r\nKết nối khác:\r\nOTG\r\nTiện ích\r\nTính năng đặc biệt:\r\nỨng dụng kép (Nhân bản ứng dụng)\r\nĐa cửa sổ\r\nÂm thanh Hi-Res Audio\r\nÂm thanh Dolby Atmos\r\nTrợ lý ảo Google\r\nThanh bên thông minh\r\nMở khóa bằng khuôn mặt\r\nKhoá ứng dụng\r\nChạm 2 lần tắt/mở màn hình\r\n4 loa\r\nGhi âm:\r\nCó\r\nPin & Sạc\r\nDung lượng pin:\r\n8000 mAh\r\nLoại pin:\r\nLi-Po\r\nCông nghệ pin:\r\nSUPERVOOC\r\nSiêu tiết kiệm pin\r\nTiết kiệm pin\r\nHỗ trợ sạc tối đa:\r\n33 W\r\nSạc kèm theo máy:\r\n33 W\r\nThông tin chung\r\nChất liệu:\r\nKhung kim loại & Mặt lưng kính, nhôm\r\nKích thước, khối lượng:\r\nDài 255.12 mm - Ngang 188.04 mm - Dày 6.89 mm - Nặng 538 g\r\nThời điểm ra mắt:\r\n01/2024\r\nHãng:\r\nOPPO.', 0, '2024-11-10 08:22:31'),
(15, 'Tai nghe Bluetooth TWS OPPO ENCO Air 4 Pro ETEA1', 2, 3, 1790000, 'oppo-tainghe1.jpg', 'Thời lượng pin tai nghe:\r\nDùng 12 giờ - Sạc 1 giờ\r\nThời lượng pin hộp sạc:\r\nDùng 44 giờ - Sạc Khoảng 80 phút\r\nCổng sạc:\r\nType-C\r\nCông nghệ âm thanh:\r\nLHDC 5.0 codec\r\nDynamic Driver 12.4 mm\r\nHi-Res Audio\r\nChống ồn kỹ thuật số\r\nTương thích:\r\nmacOS\r\nAndroid, iOS, Windows\r\nỨng dụng kết nối:\r\nHeyMelody App\r\nTiện ích:\r\n3 Micro chống ồn\r\nKháng nước IP55\r\nKết nối cùng lúc:\r\n2 thiết bị\r\nCông nghệ kết nối:\r\nBluetooth 5.4\r\nĐiều khiển:\r\nCảm ứng chạm\r\nPhím điều khiển:\r\nPhát/dừng chơi nhạc\r\nChuyển bài hát\r\nNhận/Ngắt cuộc gọi\r\nKích thước:\r\nDài 2.1 cm - Rộng 1.7 cm - Cao 2.8 cm\r\nKhối lượng:\r\n4.4 g\r\nThương hiệu của:\r\nTrung Quốc\r\nSản xuất tại:\r\nTrung Quốc\r\nHãng:\r\nOPPO', 0, '2024-11-10 08:22:31'),
(16, 'Tai nghe Bluetooth True Wireless OPPO ENCO Air 4 ETEE1', 2, 3, 1490000, 'oppo-tainghe2.jpg', 'Thông số kỹ thuật\r\nThời lượng pin tai nghe:\r\nDùng 11.5 giờ - Sạc 1 giờ\r\nThời lượng pin hộp sạc:\r\nDùng 42 giờ - Sạc 80 giờ\r\nCổng sạc:\r\nType-C\r\nCông nghệ âm thanh:\r\nChống ồn chủ động\r\nTương thích:\r\nmacOS\r\nAndroid, iOS, Windows\r\nỨng dụng kết nối:\r\nHeyMelody App\r\nTiện ích:\r\nChống nước & bụi IP55\r\nCó mic thoại\r\n2 Micro hỗ trợ AI\r\nKết nối cùng lúc:\r\n2 thiết bị\r\nCông nghệ kết nối:\r\nBluetooth 5.4\r\nĐiều khiển:\r\nCảm ứng\r\nPhím điều khiển:\r\nPhát/dừng chơi nhạc\r\nChuyển bài hát\r\nChuyển chế độ\r\nNhận/Ngắt cuộc gọi\r\nKích thước:\r\nDài 2.8 cm - Rộng 2.1 cm - Cao 1.7 cm\r\nKhối lượng:\r\n4.2 g\r\nThương hiệu của:\r\nTrung Quốc\r\nSản xuất tại:\r\nTrung Quốc\r\nHãng:\r\nOPPO', 0, '2024-11-10 08:22:31'),
(17, 'Oppo Watch X 47mm dây silicone', 2, 4, 5990000, 'oppo-dongho1.jpg', 'Màn hình\r\nCông nghệ màn hình:\r\nAMOLED\r\nKích thước màn hình:\r\n1.43 inch\r\nĐộ phân giải:\r\n466 x 466 pixels\r\nKích thước mặt:\r\n47 mm\r\nThiết kế\r\nChất liệu mặt:\r\nKính Sapphire\r\nChất liệu khung viền:\r\nThép không gỉ\r\nChất liệu dây:\r\nSilicone\r\nĐộ rộng dây:\r\n2.2 cm\r\nĐộ dài dây:\r\nHãng không công bố\r\nKhả năng thay dây:\r\nCó\r\nKích thước, khối lượng:\r\nDài 47 mm - Ngang 46.6 mm - Dày 12.1 mm - Nặng 49 g\r\nTiện ích\r\nMôn thể thao:\r\nĐạp xe\r\nĐi bộ\r\nQuần vợt\r\nNhảy dây\r\nLeo núi\r\nCầu lông\r\nChạy bộ\r\nBơi lội\r\nTrượt tuyết\r\nHỗ trợ nghe gọi:\r\nNghe gọi ngay trên đồng hồ\r\nTiện ích đặc biệt:\r\nMàn hình luôn hiển thị\r\nChống nước / Kháng nước:\r\nChống nước 5 ATM - ISO 22810:2010 (Tắm, bơi vùng nước nông)\r\nTheo dõi sức khoẻ:\r\nĐo nồng độ oxy (SpO2)\r\nĐo hiệu quả bơi (SWOLF)\r\nChấm điểm giấc ngủ\r\nTheo dõi nhịp tim 24h\r\nTheo dõi mức độ căng thẳng 24h\r\nTheo dõi giấc ngủ\r\nTheo dõi nhịp thở\r\nNhắc nhở nhịp tim cao, thấp\r\nNhắc nhở ít vận động\r\nĐo nhịp tim\r\nĐếm số bước chân\r\nTiện ích khác:\r\nTìm đồng hồ\r\nMàn hình cảm ứng\r\nChứng nhận độ bền MIL-STD-810H\r\nĐồng hồ đếm ngược\r\nĐồng hồ bấm giờ\r\nĐiều khiển chơi nhạc\r\nTìm điện thoại\r\nThay mặt đồng hồ\r\nRung thông báo\r\nLa bàn\r\nDự báo thời tiết\r\nBáo thức\r\nĐèn pin\r\nVí điện tử Google\r\nTrợ lý giọng nói Google Assistant\r\nLịch\r\nGoogle Maps\r\nLoa và mic tích hợp\r\nHiển thị thông báo:\r\nLine\r\nMessenger (Facebook)\r\nZalo\r\nTin nhắn\r\nCuộc gọi\r\nPin\r\nThời gian sử dụng pin:\r\nKhoảng 12 ngày (ở chế độ tiết kiệm pin)\r\nKhoảng 100 giờ (ở chế độ đồng hồ thông minh)\r\nThời gian sạc:\r\nKhoảng 1 giờ\r\nDung lượng pin:\r\n500 mAh\r\nCổng sạc:\r\nĐế sạc nam châm\r\nCấu hình & Kết nối\r\nCPU:\r\nSnapdragon W5 Gen 1\r\nBộ nhớ trong:\r\n32 GB\r\nHệ điều hành:\r\nGoogle Wear OS\r\nKết nối được với hệ điều hành:\r\nAndroid 8.0 trở lên dùng Google Mobile Service\r\nỨng dụng quản lý:\r\nOHealth\r\nKết nối:\r\nNFC\r\nWifi\r\nCảm biến:\r\nCảm biến SpO2 quang học\r\nCảm biến ánh sáng môi trường\r\nKhí áp kế\r\nCảm biến địa từ\r\nCảm biến nhịp tim quang học (PPG)\r\nCon quay hồi chuyển\r\nGia tốc kế\r\nĐịnh vị:\r\nBeidou\r\nGLONASS\r\nGPS\r\nQZSS\r\nBăng tần kép (L1 và L5)\r\nGalileo\r\nThông tin khác\r\nSản xuất tại:\r\nTrung Quốc\r\nThời gian ra mắt:\r\n03/2024\r\nNgôn ngữ:\r\nTiếng Trung\r\nTiếng Việt\r\nTiếng Anh\r\nHãng:\r\nOppo', 0, '2024-11-10 08:22:31'),
(18, 'Zwatch Z8 45mm dây silicone', 2, 4, 590000, 'oppo-dongho2.jpg', 'Màn hình\r\nCông nghệ màn hình:\r\nIPS LCD\r\nKích thước màn hình:\r\n2.0 inch\r\nĐộ phân giải:\r\n320 X 384 pixels\r\nKích thước mặt:\r\n45 mm\r\nThiết kế\r\nChất liệu mặt:\r\nKính thường\r\nChất liệu khung viền:\r\nHợp kim nhôm\r\nChất liệu dây:\r\nSilicone\r\nĐộ rộng dây:\r\n2.2 cm\r\nĐộ dài dây:\r\n22 cm\r\nKhả năng thay dây:\r\nCó\r\nKích thước, khối lượng:\r\nDài 45 mm - Ngang 39 mm - Dày 13 mm - Nặng 46 g\r\nTiện ích\r\nMôn thể thao:\r\nĐạp xe\r\nĐi bộ\r\nYoga\r\nNhảy dây\r\nCầu lông\r\nBóng rổ\r\nChạy bộ\r\nBóng đá\r\nHỗ trợ nghe gọi:\r\nNghe gọi ngay trên đồng hồ\r\nTiện ích đặc biệt:\r\nNghe gọi trên đồng hồ\r\nMàn hình luôn hiển thị\r\nChống nước / Kháng nước:\r\nKháng nước IP67 (Rửa tay, đi mưa)\r\nTheo dõi sức khoẻ:\r\nĐo nồng độ oxy (SpO2)\r\nTheo dõi nhịp tim 24h\r\nTheo dõi giấc ngủ\r\nTheo dõi chu kỳ kinh nguyệt\r\nNhắc nhở uống nước\r\nNhắc nhở ít vận động\r\nĐo nhịp tim\r\nĐếm số bước chân\r\nTiện ích khác:\r\nMàn hình cảm ứng\r\nĐồng hồ đếm ngược\r\nĐồng hồ bấm giờ\r\nĐiều khiển chơi nhạc\r\nThay mặt đồng hồ\r\nCuộc gọi khẩn cấp SOS\r\nBáo thức\r\nAlways On Display\r\nLoa và mic tích hợp\r\nMassage\r\nHiển thị thông báo:\r\nLine\r\nMessenger (Facebook)\r\nZalo\r\nTin nhắn\r\nCuộc gọi\r\nPin\r\nThời gian sử dụng pin:\r\nKhoảng 2-4 ngày (ở chế độ cơ bản)\r\nKhoảng 1-2 ngày (ở chế độ vận động)\r\nThời gian sạc:\r\nKhoảng 2 giờ\r\nDung lượng pin:\r\n280 mAh\r\nCổng sạc:\r\nSạc không dây\r\nCấu hình & Kết nối\r\nCPU:\r\nRTL8762DK\r\nBộ nhớ trong:\r\n128 MB\r\nHệ điều hành:\r\nHãng không công bố\r\nKết nối được với hệ điều hành:\r\nAndroid 6.0 trở lên\r\niOS 10 trở lên\r\nỨng dụng quản lý:\r\nWearPro\r\nKết nối:\r\nBluetooth v5.0\r\nNFC\r\nCảm biến:\r\nCảm biến nhịp tim\r\nThông tin khác\r\nSản xuất tại:\r\nTrung Quốc\r\nThời gian ra mắt:\r\n07/2023\r\nNgôn ngữ:\r\nTiếng Việt\r\nTiếng Anh\r\nHãng:\r\nZwatch.', 0, '2024-11-10 08:22:31'),
(19, 'MSI CUBI 5 12M 414VN i5 1235U', 2, 5, 13590000, 'oppo-pc1.jpg', 'Bộ xử lý\r\nCông nghệ CPU:\r\ni5\r\nLoại CPU:\r\n1235U\r\nTốc độ CPU:\r\n1.30 GHz\r\nTốc độ tối đa:\r\n4.40 GHz\r\nChipset:\r\nHãng không công bố\r\nBộ nhớ RAM, Ổ cứng\r\nRAM:\r\n8 GB\r\nLoại RAM:\r\nDDR4 2 khe (1 khe 8 GB + 1 khe trống)\r\nSố khe RAM:\r\n2 khe\r\nTốc độ Bus RAM:\r\n3200 MHz\r\nHỗ trợ RAM tối đa:\r\n64 GB\r\nỔ cứng:\r\n512 GB SSD NMVE\r\nKhe cắm mở rộng:\r\n1 x HDD 2.5 inch\r\nĐồ họa và Âm thanh\r\nThiết kế card:\r\nCard đồ hoạ tích hợp\r\nCard màn hình:\r\nIntel Iris Xe\r\nCông nghệ âm thanh:\r\nRealtek ALC256\r\nCổng kết nối & tính năng mở rộng\r\nCổng kết nối - Mặt sau:\r\n2 x USB 3.2\r\n1 x HDMI\r\n2 x LAN (RJ45)\r\n1 x DisplayPort 1.4\r\nCổng kết nối - Mặt trước:\r\n1 x Thunderbolt 4\r\n1 x Mic-in/Headphone-out combo\r\n2 x USB 3.2\r\nGiao tiếp mạng:\r\nWifi\r\nBluetooth 5.2\r\nLAN\r\nTính năng khác:\r\nĐi kèm chuột & bàn phím\r\nKích thước & khối lượng\r\nKích thước, khối lượng:\r\nDài 124 mm - Rộng 124 mm - Dày 53.7 mm - Nặng 0.55 kg\r\nThông tin khác\r\nBộ nguồn điện:\r\n65 W\r\nHệ điều hành:\r\nWindows 11', 0, '2024-11-10 08:22:31'),
(20, 'MSI CUBI 5 12M 422VN i3 1215U', 2, 5, 11190000, 'oppo-pc2.jpg', 'Bộ xử lý\r\nCông nghệ CPU:\r\ni3\r\nLoại CPU:\r\n1215U\r\nTốc độ CPU:\r\n1.20 GHz\r\nTốc độ tối đa:\r\n4.40 GHz\r\nChipset:\r\nHãng không công bố\r\nBộ nhớ RAM, Ổ cứng\r\nRAM:\r\n8 GB\r\nLoại RAM:\r\nDDR4 2 khe (1 khe 8 GB + 1 khe trống)\r\nSố khe RAM:\r\n2 khe\r\nTốc độ Bus RAM:\r\n3200 MHz\r\nHỗ trợ RAM tối đa:\r\n64 GB\r\nỔ cứng:\r\n256 GB SSD NVMe M.2\r\nKhe cắm mở rộng:\r\n1 x HDD 2.5 inch\r\nĐồ họa và Âm thanh\r\nThiết kế card:\r\nCard đồ hoạ tích hợp\r\nCard màn hình:\r\nIntel UHD\r\nCông nghệ âm thanh:\r\nRealtek ALC256\r\nCổng kết nối & tính năng mở rộng\r\nCổng kết nối - Mặt sau:\r\n2 x USB 3.2\r\n2 x LAN (RJ45)\r\n1 x HDMI out (2.0b)\r\n1 x DisplayPort 1.4\r\nCổng kết nối - Mặt trước:\r\n1 x Thunderbolt 4\r\n1 x Mic-in/Headphone-out combo\r\n2 x USB 3.2\r\nGiao tiếp mạng:\r\nWifi\r\nBluetooth 5.2\r\nLAN\r\nKích thước & khối lượng\r\nKích thước, khối lượng:\r\nDài 124 mm - Rộng 124 mm - Dày 53.7 mm - Nặng 0.55 kg\r\nThông tin khác\r\nBộ nguồn điện:\r\n65 W\r\nHệ điều hành:\r\nWindows 11', 0, '2024-11-10 08:22:31'),
(21, 'Samsung Galaxy Z Fold6 5G', 3, 1, 41990000, 'samsung1.jpg', 'Cấu hình & Bộ nhớ\r\nHệ điều hành:\r\nAndroid 14\r\nChip xử lý (CPU):\r\nSnapdragon 8 Gen 3 for Galaxy\r\nTốc độ CPU:\r\n3.39 GHz\r\nChip đồ họa (GPU):\r\nAdreno 750\r\nRAM:\r\n12 GB\r\nDung lượng lưu trữ:\r\n256 GB\r\nDung lượng còn lại (khả dụng) khoảng:\r\n216.1 GB\r\nDanh bạ:\r\nKhông giới hạn\r\nCamera & Màn hình\r\nĐộ phân giải camera sau:\r\nChính 50 MP & Phụ 12 MP, 10 MP\r\nQuay phim camera sau:\r\nHD 720p@30fps\r\nFullHD 1080p@60fps\r\nFullHD 1080p@30fps\r\nFullHD 1080p@240fps\r\nFullHD 1080p@120fps\r\n8K 4320p@60fps\r\n8K 4320p@30fps\r\n4K 2160p@60fps\r\n4K 2160p@30fps\r\n4K 2160p@120fps\r\nĐèn Flash camera sau:\r\nCó\r\nTính năng camera sau:\r\nZoom quang học\r\nZoom kỹ thuật số\r\nXóa phông\r\nVideo chân dung\r\nVideo chuyên nghiệp\r\nTrôi nhanh thời gian (Time Lapse)\r\nToàn cảnh (Panorama)\r\nSuper HDR\r\nSiêu độ phân giải\r\nQuét tài liệu\r\nQuét mã QR\r\nQuay video hiển thị kép\r\nQuay chậm (Slow Motion)\r\nLàm đẹp\r\nGóc siêu rộng (Ultrawide)\r\nFlexCam\r\nChụp ảnh chuyển động\r\nChụp một chạm\r\nChụp hẹn giờ\r\nChống rung quang học (OIS)\r\nChuyên nghiệp (Pro)\r\nBộ lọc màu\r\nBan đêm (Night Mode)\r\nĐộ phân giải camera trước:\r\n10 MP & 4 MP\r\nTính năng camera trước:\r\nXóa phông\r\nVideo hiển thị kép\r\nVideo chân dung\r\nVideo chuyên nghiệp\r\nTrôi nhanh thời gian (Time Lapse)\r\nQuay video HD\r\nQuay video Full HD\r\nQuay video 4K\r\nQuay chậm (Slow Motion)\r\nLàm đẹp\r\nGóc rộng (Wide)\r\nFlexCam\r\nFlash màn hình\r\nChụp ảnh chuyển động\r\nChụp đêm\r\nChụp một chạm\r\nChụp hẹn giờ\r\nChuyên nghiệp (Pro)\r\nBộ lọc màu\r\nCông nghệ màn hình:\r\nDynamic AMOLED 2X\r\nĐộ phân giải màn hình:\r\nChính: QXGA+ (1856 x 2160 Pixels) & Phụ: HD+ (968 x 2376 Pixels)\r\nMàn hình rộng:\r\nChính 7.6\" & Phụ 6.3\" - Tần số quét 120 Hz\r\nĐộ sáng tối đa:\r\n2600 nits\r\nMặt kính cảm ứng:\r\nKính cường lực Corning Gorilla Glass Victus 2\r\nPin & Sạc\r\nDung lượng pin:\r\n4400 mAh\r\nLoại pin:\r\nLi-Ion\r\nHỗ trợ sạc tối đa:\r\n25 W\r\nCông nghệ pin:\r\nTiết kiệm pin\r\nSạc pin nhanh\r\nSạc không dây\r\nTiện ích\r\nBảo mật nâng cao:\r\nMở khoá vân tay cạnh viền\r\nMở khoá khuôn mặt\r\nTính năng đặc biệt:\r\nỨng dụng kép (Dual Messenger)\r\nĐa cửa sổ (chia đôi màn hình)\r\nÂm thanh Dolby Atmos\r\nÂm thanh AKG\r\nTối ưu game (Game Booster)\r\nTrợ lý ảo Samsung Bixby\r\nTrợ lý ảo Google Assistant\r\nTrợ lý note quyền năng\r\nTrợ lý ghi âm\r\nTrợ lý duyệt web thông minh\r\nTrợ lý chỉnh ảnh\r\nTrợ lý chat thông minh\r\nThu nhỏ màn hình sử dụng một tay\r\nThanh bên thông minh\r\nSamsung Pay\r\nSamsung DeX (Kết nối màn hình sử dụng giao diện tương tự PC)\r\nPhác hoạ thông minh\r\nPhiên dịch viên\r\nPhiên dịch trực tiếp\r\nMở rộng bộ nhớ RAM\r\nMàn hình luôn hiển thị AOD\r\nLoa kép\r\nKhả năng tương thích bút S Pen\r\nKhông gian thứ hai (Thư mục bảo mật)\r\nKhoanh vùng search đa năng\r\nHệ thống tản nhiệt Vapor Chamber\r\nCửa sổ nổi\r\nChạm 2 lần sáng màn hình\r\nKháng nước, bụi:\r\nIP48\r\nGhi âm:\r\nGhi âm mặc định\r\nGhi âm cuộc gọi\r\nXem phim:\r\nWEBM\r\nMP4\r\nMKV\r\nM4V\r\nFLV\r\nAVI\r\n3GP\r\n3G2\r\nNghe nhạc:\r\nXMF\r\nWAV\r\nRTX\r\nRTTTL\r\nOTA\r\nOGG\r\nMXMF\r\nMP3\r\nMidi\r\nM4A\r\nIMY\r\nFLAC\r\nAWB\r\nAPE\r\nAMR\r\nAAC\r\n3GA\r\nKết nối\r\nMạng di động:\r\nHỗ trợ 5G\r\nSIM:\r\n2 Nano SIM hoặc 2 eSIM hoặc 1 Nano SIM + 1 eSIM\r\nWifi:\r\nWi-Fi MIMO\r\nWi-Fi hotspot\r\nWi-Fi Direct\r\nWi-Fi 802.11 a/b/g/n/ac/ax\r\nDual-band (2.4 GHz/5 GHz)\r\n6 GHz\r\nGPS:\r\nQZSS\r\nGPS\r\nGLONASS\r\nGALILEO\r\nBEIDOU\r\nBluetooth:\r\nv5.3\r\nCổng kết nối/sạc:\r\nType-C\r\nJack tai nghe:\r\nType-C\r\nKết nối khác:\r\nOTG\r\nNFC\r\nThiết kế & Chất liệu\r\nThiết kế:\r\nNguyên khối\r\nChất liệu:\r\nKhung nhôm & Mặt lưng kính cường lực\r\nKích thước, khối lượng:\r\nDài 153.5 mm - Ngang 132.6 mm (khi mở) | 68.1 mm (khi gập) - Dày 5.6 mm (khi mở) | 12.1 mm (khi gập) - Nặng 239 g\r\nThời điểm ra mắt:\r\n07/2024\r\nHãng:\r\nSamsung', 0, '2024-11-10 08:24:25'),
(22, 'Samsung Galaxy Z Flip6 5G', 3, 1, 21990000, 'samsung2.jpg', 'Cấu hình & Bộ nhớ\r\nHệ điều hành:\r\nAndroid 14\r\nChip xử lý (CPU):\r\nSnapdragon 8 Gen 3 for Galaxy\r\nTốc độ CPU:\r\n3.39 GHz\r\nChip đồ họa (GPU):\r\nAdreno 750\r\nRAM:\r\n12 GB\r\nDung lượng lưu trữ:\r\n256 GB\r\nDung lượng còn lại (khả dụng) khoảng:\r\n216.6 GB\r\nDanh bạ:\r\nKhông giới hạn\r\nCamera & Màn hình\r\nĐộ phân giải camera sau:\r\nChính 50 MP & Phụ 12 MP\r\nQuay phim camera sau:\r\nHD 720p@30fps\r\nFullHD 1080p@60fps\r\nFullHD 1080p@30fps\r\nFullHD 1080p@240fps\r\nFullHD 1080p@120fps\r\n4K 2160p@60fps\r\n4K 2160p@30fps\r\nĐèn Flash camera sau:\r\nCó\r\nTính năng camera sau:\r\nZoom quang học\r\nZoom kỹ thuật số\r\nXóa phông\r\nVideo chân dung\r\nVideo chuyên nghiệp\r\nTự động lấy nét (AF)\r\nTrôi nhanh thời gian (Time Lapse)\r\nToàn cảnh (Panorama)\r\nSuper HDR\r\nSiêu độ phân giải\r\nQuay video hiển thị kép\r\nQuay chậm (Slow Motion)\r\nLàm đẹp\r\nGóc siêu rộng (Ultrawide)\r\nFlexCam\r\nChụp ảnh chuyển động\r\nChụp một chạm\r\nChụp hẹn giờ\r\nChống rung quang học (OIS)\r\nChuyên nghiệp (Pro)\r\nBộ lọc màu\r\nBan đêm (Night Mode)\r\nĐộ phân giải camera trước:\r\n10 MP\r\nTính năng camera trước:\r\nXóa phông\r\nVideo hiển thị kép\r\nVideo chân dung\r\nTrôi nhanh thời gian (Time Lapse)\r\nQuay video HD\r\nQuay video Full HD\r\nQuay video 4K\r\nLàm đẹp\r\nGóc rộng (Wide)\r\nFlexCam\r\nChụp ảnh chuyển động\r\nChụp đêm\r\nChụp một chạm\r\nChụp hẹn giờ\r\nBộ lọc màu\r\nCông nghệ màn hình:\r\nChính: Dynamic AMOLED 2X, Phụ: Super AMOLED\r\nĐộ phân giải màn hình:\r\nChính: FHD+ (1080 x 2640 Pixels) x Phụ: HD+ (720 x 748 Pixels)\r\nMàn hình rộng:\r\nChính 6.7\" & Phụ 3.4\" - Tần số quét Chính: 120 Hz & Phụ: 60 Hz\r\nĐộ sáng tối đa:\r\nChính 2600 nits & Phụ 1600 nits\r\nMặt kính cảm ứng:\r\nKính cường lực Corning Gorilla Glass Victus 2\r\nPin & Sạc\r\nDung lượng pin:\r\n4000 mAh\r\nLoại pin:\r\nLi-Ion\r\nHỗ trợ sạc tối đa:\r\n25 W\r\nCông nghệ pin:\r\nTiết kiệm pin\r\nSạc pin nhanh\r\nSạc không dây\r\nTiện ích\r\nBảo mật nâng cao:\r\nMở khoá vân tay cạnh viền\r\nMở khoá khuôn mặt\r\nTính năng đặc biệt:\r\nỨng dụng kép (Dual Messenger)\r\nĐa cửa sổ (chia đôi màn hình)\r\nÂm thanh Dolby Atmos\r\nTối ưu game (Game Booster)\r\nTrợ lý ảo Samsung Bixby\r\nTrợ lý ảo Google Assistant\r\nTrợ lý note quyền năng\r\nTrợ lý duyệt web thông minh\r\nTrợ lý chỉnh ảnh\r\nTrợ lý chat thông minh\r\nThu nhỏ màn hình sử dụng một tay\r\nThanh bên thông minh\r\nSamsung Pay\r\nPhiên dịch trực tiếp\r\nMở rộng bộ nhớ RAM\r\nMàn hình luôn hiển thị AOD\r\nKhông gian thứ hai (Thư mục bảo mật)\r\nKhoanh vùng search đa năng\r\nHệ thống tản nhiệt Vapor Chamber\r\nCửa sổ nổi\r\nChế độ đơn giản (Giao diện đơn giản)\r\nChạm 2 lần tắt/sáng màn hình\r\nKháng nước, bụi:\r\nIP48\r\nGhi âm:\r\nGhi âm mặc định\r\nGhi âm cuộc gọi\r\nXem phim:\r\nWEBM\r\nMP4\r\nMKV\r\nM4V\r\nFLV\r\nAVI\r\n3GP\r\n3G2\r\nNghe nhạc:\r\nXMF\r\nWAV\r\nRTX\r\nRTTTL\r\nOTA\r\nOGG\r\nOGA\r\nMXMF\r\nMP3\r\nMidi\r\nM4A\r\nIMY\r\nFLAC\r\nAWB\r\nAPE\r\nAMR\r\nAAC\r\n3GA\r\nKết nối\r\nMạng di động:\r\nHỗ trợ 5G\r\nSIM:\r\n1 Nano SIM + 1 eSIM hoặc 2 eSIM\r\nWifi:\r\nWi-Fi MIMO\r\nWi-Fi hotspot\r\nWi-Fi Direct\r\nWi-Fi 802.11 a/b/g/n/ac/ax\r\nDual-band (2.4 GHz/5 GHz)\r\n6 GHz\r\nGPS:\r\nQZSS\r\nGPS\r\nGLONASS\r\nGALILEO\r\nBEIDOU\r\nBluetooth:\r\nv5.3\r\nCổng kết nối/sạc:\r\nType-C\r\nJack tai nghe:\r\nType-C\r\nKết nối khác:\r\nOTG\r\nNFC\r\nThiết kế & Chất liệu\r\nThiết kế:\r\nNguyên khối\r\nChất liệu:\r\nKhung nhôm & Mặt lưng kính cường lực\r\nKích thước, khối lượng:\r\nDài 165.1 mm (khi mở) | 85.1 mm (khi gập) - Ngang 71.9 mm - Dày 6.9 mm (khi mở) | 14.9 mm (ghi gập) - Nặng 187 g\r\nThời điểm ra mắt:\r\n07/2024\r\nHãng:\r\nSamsung.', 0, '2024-11-10 08:27:02'),
(23, 'Samsung Galaxy Chromebook Go XE340XDA N4500', 3, 2, 8990000, 'samsung-lap1.jpg', 'Bộ xử lý\r\nCông nghệ CPU:\r\nCeleron - N4500\r\nSố nhân:\r\n2\r\nSố luồng:\r\n2\r\nTốc độ CPU:\r\n1.1GHz\r\nTốc độ tối đa:\r\nTurbo Boost 2.80 GHz\r\nBộ nhớ đệm:\r\n4 MB\r\nBộ nhớ RAM, Ổ cứng\r\nRAM:\r\n4 GB\r\nLoại RAM:\r\nLPDDR4X (Onboard)\r\nTốc độ Bus RAM:\r\n2933 MHz\r\nHỗ trợ RAM tối đa:\r\nKhông hỗ trợ nâng cấp\r\nỔ cứng:\r\neMMC 32 GB\r\nMàn hình\r\nMàn hình:\r\n14\"\r\nĐộ phân giải:\r\nHD (1366 x 768)\r\nTần số quét:\r\n60Hz\r\nĐộ phủ màu:\r\n45% NTSC\r\nCông nghệ màn hình:\r\nChống chói Anti Glare\r\nĐồ họa và Âm thanh\r\nCard màn hình:\r\nCard tích hợp - Intel UHD Graphics\r\nCông nghệ âm thanh:\r\nStereo speakers\r\nCổng kết nối & tính năng mở rộng\r\nCổng giao tiếp:\r\nJack tai nghe 3.5 mm\r\n1 x USB 3.2\r\n2 x USB Type-C\r\nKết nối không dây:\r\nWi-Fi 6 (802.11ax)\r\nBluetooth 5.1\r\nKhe đọc thẻ nhớ:\r\nMicro SD\r\nWebcam:\r\nHD webcam\r\nTính năng khác:\r\nBản lề mở 180 độ\r\nĐèn bàn phím:\r\nKhông có đèn\r\nKích thước & khối lượng\r\nKích thước:\r\nDài 327.1 mm - Rộng 225.6 mm - Dày 15.9 mm\r\nKhối lượng tịnh:\r\n1.145 kg\r\nChất liệu:\r\nVỏ nhựa\r\nThông tin khác\r\nThông tin Pin:\r\n2 cell Li-ion, 42.3 Wh\r\nCông suất bộ sạc:\r\n45 W\r\nHệ điều hành:\r\nChrome OS\r\nThời điểm ra mắt:\r\n2023', 0, '2024-11-10 08:27:02'),
(24, 'Samsung Galaxy Chromebook Go XE310XDA N4500', 3, 2, 7990000, 'samsung-lap2.jpg', 'Bộ xử lý\r\nCông nghệ CPU:\r\nIntel Celeron - N4500\r\nSố nhân:\r\n2\r\nSố luồng:\r\n2\r\nTốc độ CPU:\r\n1.1GHz\r\nTốc độ tối đa:\r\nTurbo Boost 2.80 GHz\r\nBộ nhớ đệm:\r\n4 MB\r\nBộ nhớ RAM, Ổ cứng\r\nMàn hình\r\nMàn hình:\r\n11.6\"\r\nĐộ phân giải:\r\nHD (1366 x 768)\r\nTần số quét:\r\n60Hz\r\nĐộ phủ màu:\r\n45% NTSC\r\nCông nghệ màn hình:\r\n220 nits\r\nChống chói Anti Glare\r\nĐồ họa và Âm thanh\r\nCard màn hình:\r\nCard tích hợp - Intel UHD Graphics\r\nCông nghệ âm thanh:\r\nStereo speakers\r\nCổng kết nối & tính năng mở rộng\r\nCổng giao tiếp:\r\nJack tai nghe 3.5 mm\r\n1 x USB 3.2\r\n1 x USB Type-C (chỉ hỗ trợ Power Delivery)\r\nKết nối không dây:\r\nWi-Fi 6 (802.11ax)\r\nBluetooth 5.1\r\nKhe đọc thẻ nhớ:\r\nMicro SD\r\nWebcam:\r\nHD webcam\r\nTính năng khác:\r\nBản lề mở 180 độ\r\nĐèn bàn phím:\r\nKhông có đèn\r\nKích thước & khối lượng\r\nKích thước:\r\nDài 287.9 mm - Rộng 202.3 mm - Dày 15.9 mm\r\nKhối lượng tịnh:\r\n1.06 kg\r\nChất liệu:\r\nVỏ nhựa\r\nThông tin khác\r\nThông tin Pin:\r\n2 cell Li-ion, 40.2 Wh\r\nCông suất bộ sạc:\r\n45 W\r\nHệ điều hành:\r\nChrome OS\r\nThời điểm ra mắt:\r\n2023', 0, '2024-11-10 08:27:02'),
(25, 'Tai nghe TWS Samsung Galaxy Buds3 Pro R630N', 3, 3, 5090000, 'samsung-tainghe1.jpg', 'Thời lượng pin tai nghe:\r\nDùng 7 giờ - Sạc Hãng không công bố\r\nThời lượng pin hộp sạc:\r\nDùng 30 giờ - Sạc Hãng không công bố\r\nCổng sạc:\r\nType-C\r\nCông nghệ âm thanh:\r\nDolby Atmos\r\nCông nghệ phát sóng Auracast\r\nAdaptive Noise Control\r\nAdaptive EQ\r\n360 Reality Audio\r\nTương thích:\r\nmacOS\r\nAndroid, iOS, Windows\r\nỨng dụng kết nối:\r\nGalaxy Wearable\r\nTiện ích:\r\nPhiên dịch trực tiếp\r\nThanh ánh sáng Blade Lights\r\nSạc không dây\r\nTự động chuyển đổi kết nối linh hoạt (Auto Switch)\r\nChống nước IP57\r\nCó mic thoại\r\nSạc nhanh\r\n360 Reality Audio\r\nGalaxy AI\r\nKết nối cùng lúc:\r\n1 thiết bị\r\nCông nghệ kết nối:\r\nBluetooth 5.4\r\nĐiều khiển:\r\nCảm ứng chạm/vuốt\r\nGiọng nói (Tiếng Anh, Hàn)\r\nPhím điều khiển:\r\nTăng/giảm âm lượng\r\nPhát/dừng chơi nhạc\r\nChuyển bài hát\r\nChuyển chế độ\r\nNhận/Ngắt cuộc gọi\r\nKích thước:\r\nDài 3.2 cm - Rộng 2.02 cm - Cao 1.8 cm\r\nKhối lượng:\r\n5.4 g\r\nThương hiệu của:\r\nHàn Quốc\r\nSản xuất tại:\r\nTrung Quốc\r\nHãng:\r\nSamsung.', 0, '2024-11-10 08:27:02'),
(26, 'Tai nghe TWS Samsung Galaxy Buds3 R530N', 3, 3, 3590000, 'samsung-tainghe2.jpg', 'Thời lượng pin tai nghe:\r\nDùng 6 giờ - Sạc Hãng không công bố\r\nThời lượng pin hộp sạc:\r\nDùng 30 giờ - Sạc Hãng không công bố\r\nCổng sạc:\r\nType-C\r\nCông nghệ âm thanh:\r\nCông nghệ phát sóng Auracast\r\nÂm thanh Hi-Fi\r\nActive Noise Cancelling\r\nAdaptive EQ\r\n360 Reality Audio\r\nTương thích:\r\nAndroid\r\niOS (iPhone)\r\nWindows\r\nỨng dụng kết nối:\r\nGalaxy Wearable\r\nTiện ích:\r\nPhiên dịch trực tiếp\r\nSạc không dây\r\nTự động chuyển đổi kết nối linh hoạt (Auto Switch)\r\nChống nước IP57\r\nCó mic thoại\r\nSạc nhanh\r\n360 Reality Audio\r\nChống ồn\r\nGalaxy AI\r\nKết nối cùng lúc:\r\n1 thiết bị\r\nCông nghệ kết nối:\r\nBluetooth 5.4\r\nĐiều khiển:\r\nCảm ứng chạm/vuốt\r\nGiọng nói (Tiếng Anh, Hàn)\r\nPhím điều khiển:\r\nTăng/giảm âm lượng\r\nPhát/dừng chơi nhạc\r\nChuyển bài hát\r\nChuyển chế độ\r\nNhận/Ngắt cuộc gọi\r\nBật/Tắt chống ồn\r\nKích thước:\r\nDài 3.1 cm - Rộng 1.78 cm - Cao 1.7 cm\r\nKhối lượng:\r\n4.7 g\r\nThương hiệu của:\r\nHàn Quốc\r\nSản xuất tại:\r\nViệt Nam\r\nHãng:\r\nSamsung', 0, '2024-11-10 08:27:02');
INSERT INTO `products` (`id`, `name`, `manu_id`, `type_id`, `price`, `image`, `description`, `feature`, `created_at`) VALUES
(27, 'Samsung Galaxy Watch7 40mm dây silicone', 3, 4, 6490000, 'samsung-dongho1.jpg', 'Màn hình\r\nCông nghệ màn hình:\r\nSuper AMOLED\r\nKích thước màn hình:\r\n1.3 inch\r\nĐộ phân giải:\r\n432 x 432 pixels\r\nKích thước mặt:\r\n40 mm\r\nThiết kế\r\nChất liệu mặt:\r\nKính Sapphire\r\nChất liệu khung viền:\r\nHợp kim nhôm\r\nChất liệu dây:\r\nSilicone\r\nĐộ rộng dây:\r\n2 cm\r\nĐộ dài dây:\r\nHãng không công bố\r\nKhả năng thay dây:\r\nCó\r\nKích thước, khối lượng:\r\nDài 40.4 mm - Ngang 40.4 mm - Dày 9.7 mm - Nặng 28.9 g\r\nTiện ích\r\nMôn thể thao:\r\nĐạp xe\r\nĐi bộ\r\nYoga\r\nNhảy dây\r\nLeo núi\r\nChạy bộ\r\nBơi lội\r\nHỗ trợ nghe gọi:\r\nNghe gọi ngay trên đồng hồ\r\nTiện ích đặc biệt:\r\nMàn hình luôn hiển thị\r\nPhát hiện té ngã\r\nNghe nhạc\r\nKết nối bluetooth với tai nghe\r\nChống nước / Kháng nước:\r\nChống nước 5 ATM - ISO 22810:2010 (Tắm, bơi vùng nước nông)\r\nTheo dõi sức khoẻ:\r\nĐiện tâm đồ (chỉ hỗ trợ khi kết nối với điện thoại Samsung)\r\nĐo nồng độ oxy (SpO2)\r\nĐo huyết áp (chỉ hỗ trợ khi kết nối với điện thoại Samsung)\r\nTheo dõi chỉ số AGEs\r\nPhân tích thành phần cơ thể\r\nPhát hiện chứng ngưng thở khi ngủ\r\nChấm điểm giấc ngủ\r\nHuấn luyện viên giấc ngủ (Sleep Coaching)\r\nCá nhân hoá vùng nhịp tim (Personalized HR Zone)\r\nTính quãng đường chạy\r\nTính lượng calories tiêu thụ\r\nTheo dõi giấc ngủ\r\nTheo dõi mức độ stress\r\nTheo dõi chu kỳ kinh nguyệt\r\nNhắc nhở nhịp tim cao, thấp\r\nĐo nhịp tim\r\nĐếm số bước chân\r\nTiện ích khác:\r\nTìm đồng hồ\r\nMàn hình cảm ứng\r\nChứng nhận độ bền MIL-STD-810H\r\nĐiều khiển chụp ảnh\r\nĐiều khiển chơi nhạc\r\nTừ chối cuộc gọi\r\nTìm điện thoại\r\nTrả lời nhanh tin nhắn có sẵn\r\nThay mặt đồng hồ\r\nDự báo thời tiết\r\nBáo thức\r\nĐiểm số năng lượng\r\nTải ứng dụng từ Google Play (Spotify, Maps, Zalo, Messenger,...)\r\nTrợ lý sống khỏe (Wellness Tips)\r\nQuản lý tiến độ tập luyện (Race)\r\nNhắc nhở uống thuốc\r\nKhóa dưới nước\r\nGợi ý trả lời tin nhắn bằng AI\r\nDouble Pinch (Chụm 2 lần)\r\nChỉ số phân tích chạy bộ nâng cao (Advanced Running Metrics)\r\nVí điện tử Samsung Wallet\r\nLoa và mic tích hợp\r\nHiển thị thông báo:\r\nLine\r\nMessenger (Facebook)\r\nZalo\r\nTin nhắn\r\nCuộc gọi\r\nPin\r\nThời gian sử dụng pin:\r\nKhoảng 40 giờ (Khi tắt Always-On-Display)\r\nThời gian sạc:\r\nKhoảng 1.2 giờ\r\nDung lượng pin:\r\n425 mAh\r\nCổng sạc:\r\nĐế sạc nam châm\r\nCấu hình & Kết nối\r\nCPU:\r\nExynos W1000\r\nBộ nhớ trong:\r\n32 GB\r\nHệ điều hành:\r\nWear OS được tùy biến bởi Samsung\r\nKết nối được với hệ điều hành:\r\nAndroid 11 trở lên dùng Google Mobile Service\r\nỨng dụng quản lý:\r\nGalaxy Wearable\r\nSamsung Health\r\nKết nối:\r\nBluetooth v5.3\r\nNFC\r\nWifi\r\nCảm biến:\r\nCảm biến ánh sáng môi trường\r\nSamsung BioActive thế hệ 2 (Cảm biến 3 trong 1)\r\nKhí áp kế\r\nCảm biến nhiệt độ hồng ngoại\r\nCảm biến địa từ\r\nCon quay hồi chuyển\r\nGia tốc kế\r\nĐịnh vị:\r\nBeidou\r\nGLONASS\r\nGPS\r\nBăng tần kép (L1 và L5)\r\nGalileo\r\nThông tin khác\r\nThời gian ra mắt:\r\n07/2024\r\nNgôn ngữ:\r\nTiếng Trung\r\nTiếng Việt\r\nTiếng Anh\r\nHãng:\r\nSamsung.', 0, '2024-11-10 08:27:02'),
(28, 'Samsung Galaxy Watch7 LTE 40mm dây silicone', 3, 4, 7990000, 'samsung-dongho2.jpg', 'Màn hình\r\nCông nghệ màn hình:\r\nSuper AMOLED\r\nKích thước màn hình:\r\n1.3 inch\r\nĐộ phân giải:\r\n432 x 432 pixels\r\nKích thước mặt:\r\n40 mm\r\nThiết kế\r\nChất liệu mặt:\r\nKính Sapphire\r\nChất liệu khung viền:\r\nHợp kim nhôm\r\nChất liệu dây:\r\nSilicone\r\nĐộ rộng dây:\r\n2 cm\r\nĐộ dài dây:\r\nHãng không công bố\r\nKhả năng thay dây:\r\nCó\r\nKích thước, khối lượng:\r\nDài 40.4 mm - Ngang 40.4 mm - Dày 9.7 mm - Nặng 28.9 g\r\nTiện ích\r\nMôn thể thao:\r\nĐạp xe\r\nĐi bộ\r\nYoga\r\nNhảy dây\r\nChạy bộ\r\nBơi lội\r\nSim:\r\neSIM\r\nHỗ trợ nghe gọi:\r\nNghe gọi độc lập\r\nTiện ích đặc biệt:\r\nMàn hình luôn hiển thị\r\nPhát hiện té ngã\r\nNghe nhạc\r\nKết nối bluetooth với tai nghe\r\n4G/LTE\r\nChống nước / Kháng nước:\r\nChống nước 5 ATM - ISO 22810:2010 (Tắm, bơi vùng nước nông)\r\nTheo dõi sức khoẻ:\r\nĐiện tâm đồ (chỉ hỗ trợ khi kết nối với điện thoại Samsung)\r\nĐo nồng độ oxy (SpO2)\r\nĐo huyết áp (chỉ hỗ trợ khi kết nối với điện thoại Samsung)\r\nTheo dõi chỉ số AGEs\r\nPhân tích thành phần cơ thể\r\nPhát hiện chứng ngưng thở khi ngủ\r\nChấm điểm giấc ngủ\r\nHuấn luyện viên giấc ngủ (Sleep Coaching)\r\nCá nhân hoá vùng nhịp tim (Personalized HR Zone)\r\nTính quãng đường chạy\r\nTính lượng calories tiêu thụ\r\nTheo dõi giấc ngủ\r\nTheo dõi mức độ stress\r\nTheo dõi chu kỳ kinh nguyệt\r\nNhắc nhở nhịp tim cao, thấp\r\nĐo nhịp tim\r\nĐếm số bước chân\r\nTiện ích khác:\r\nTìm đồng hồ\r\nMàn hình cảm ứng\r\nChứng nhận độ bền MIL-STD-810H\r\nĐiều khiển chụp ảnh\r\nĐiều khiển chơi nhạc\r\nTừ chối cuộc gọi\r\nTìm điện thoại\r\nTrả lời nhanh tin nhắn có sẵn\r\nThay mặt đồng hồ\r\nDự báo thời tiết\r\nBáo thức\r\nĐiểm số năng lượng\r\nTải ứng dụng từ Google Play (Spotify, Maps, Zalo, Messenger,...)\r\nTrợ lý sống khỏe (Wellness Tips)\r\nQuản lý tiến độ tập luyện (Race)\r\nNhắc nhở uống thuốc\r\nKhóa dưới nước\r\nGợi ý trả lời tin nhắn bằng AI\r\nDouble Pinch (Chụm 2 lần)\r\nChỉ số phân tích chạy bộ nâng cao (Advanced Running Metrics)\r\nVí điện tử Samsung Wallet\r\nLoa và mic tích hợp\r\nHiển thị thông báo:\r\nLine\r\nMessenger (Facebook)\r\nZalo\r\nTin nhắn\r\nCuộc gọi\r\nPin\r\nThời gian sử dụng pin:\r\nKhoảng 40 giờ (Khi tắt Always-On-Display)\r\nThời gian sạc:\r\nKhoảng 1.2 giờ\r\nDung lượng pin:\r\n425 mAh\r\nCổng sạc:\r\nĐế sạc nam châm\r\nCấu hình & Kết nối\r\nCPU:\r\nExynos W1000\r\nBộ nhớ trong:\r\n32 GB\r\nHệ điều hành:\r\nWear OS được tùy biến bởi Samsung\r\nKết nối được với hệ điều hành:\r\nAndroid 11 trở lên dùng Google Mobile Service\r\nỨng dụng quản lý:\r\nGalaxy Wearable\r\nSamsung Health\r\nKết nối:\r\nBluetooth v5.3\r\nNFC\r\nWifi\r\nCảm biến:\r\nCảm biến ánh sáng môi trường\r\nSamsung BioActive thế hệ 2 (Cảm biến 3 trong 1)\r\nKhí áp kế\r\nCảm biến nhiệt độ hồng ngoại\r\nCảm biến địa từ\r\nCon quay hồi chuyển\r\nGia tốc kế\r\nĐịnh vị:\r\nBeidou\r\nGLONASS\r\nGPS\r\nBăng tần kép (L1 và L5)\r\nGalileo\r\nThông tin khác\r\nSản xuất tại:\r\nViệt Nam\r\nThời gian ra mắt:\r\n07/2024\r\nNgôn ngữ:\r\nTiếng Trung\r\nTiếng Việt\r\nTiếng Anh\r\nHãng:\r\nSamsung.', 0, '2024-11-10 08:27:02'),
(29, 'Samsung 24 inch Full HD LS24C330GAEXXV', 3, 5, 2290000, 'samsung-pc1.jpg', 'Thông tin cấu hình\r\nLoại màn hình:\r\nPhẳng\r\nKích thước màn hình:\r\n24 inch\r\nĐộ phân giải:\r\nFull HD (1920 x 1080)\r\nMàn hình cảm ứng:\r\nKhông cảm ứng\r\nTấm nền:\r\nIPS\r\nTần số quét:\r\n100 Hz\r\nThời gian đáp ứng:\r\n4ms (GTG)\r\nCông nghệ màn hình:\r\nEye Saver Mode\r\nEco Saving Plus\r\nChế độ chơi Game\r\nAuto Source Switch+\r\nAMD FreeSync\r\nĐộ phủ màu:\r\n72% NTSC\r\n95% sRGB\r\nSố lượng màu:\r\n16.7 triệu màu\r\nĐộ sáng:\r\n250 cd/m2\r\nĐộ tương phản tĩnh:\r\n1000:1\r\nGóc nhìn:\r\n178°(Dọc) / 178°(Ngang)\r\nTiện ích và Cổng kết nối\r\nGắn ARM chuẩn VESA:\r\nCó\r\nTiện ích:\r\nĐiều chỉnh được độ nghiêng của màn hình\r\nCổng kết nối:\r\n1 x HDMI 1.4\r\n1 x DisplayPort 1.2\r\nCông suất và Kích thước\r\nCông suất tiêu thụ điện:\r\n25 W\r\nKích thước (có chân đế):\r\nNgang 539.5 mm - Cao 422.4 mm - Dày 253.5 mm\r\nKhối lượng có chân đế:\r\n2.9 kg\r\nKích thước (không chân đế):\r\nNgang 539.5 mm - Cao 320.7 mm - Dày 53.8 mm\r\nKhối lượng (không chân đế):\r\n2.5 kg\r\nHãng:\r\nSamsung.', 0, '2024-11-10 08:27:02'),
(30, 'Samsung Gaming 27 inch 2K LS27CG510EEXXV', 3, 5, 4790000, 'samsung-pc2.jpg', 'Thông tin cấu hình\r\nLoại màn hình:\r\nPhẳng\r\nKích thước màn hình:\r\n27 inch\r\nĐộ phân giải:\r\nQHD (2560 x 1440)\r\nMàn hình cảm ứng:\r\nKhông cảm ứng\r\nTấm nền:\r\nVA\r\nTần số quét:\r\n165 Hz\r\nThời gian đáp ứng:\r\n1ms (MPRT)\r\nCông nghệ màn hình:\r\nEye Saver Mode\r\nCông nghệ chống nháy - Flicker-free\r\nSuper Arena Gaming UX\r\nChế độ chơi Game\r\nAuto Source Switch+\r\nBlack Equalizer (Bộ cân bằng màu đen)\r\nHDR10\r\nFreeSync Premium\r\nĐộ phủ màu:\r\n72% NTSC\r\nSố lượng màu:\r\n16.7 triệu màu\r\nĐộ sáng:\r\n300 cd/m2\r\nĐộ tương phản tĩnh:\r\n3000:1\r\nGóc nhìn:\r\n178°(Dọc) / 178°(Ngang)\r\nTiện ích và Cổng kết nối\r\nGắn ARM chuẩn VESA:\r\nCó\r\nTiện ích:\r\nThay đổi được chiều cao\r\nXoay màn hình 90 độ\r\nGập màn hình lên xuống\r\nĐiều chỉnh được độ nghiêng của màn hình\r\nCổng kết nối:\r\n2 x HDMI 2.0\r\nJack tai nghe 3.5 mm\r\n1 x DisplayPort 1.4\r\nCông suất và Kích thước\r\nCông suất tiêu thụ điện:\r\n48 W\r\nKích thước (có chân đế):\r\nNgang 618.2 mm - Cao 520.6 mm - Dày 234.2 mm\r\nKhối lượng có chân đế:\r\n4.8 kg\r\nKích thước (không chân đế):\r\nNgang 618.2 mm - Cao 376.9 mm - Dày 92.4 mm\r\nKhối lượng (không chân đế):\r\n3.3 kg\r\nHãng:\r\nSamsung', 0, '2024-11-10 08:27:02'),
(31, 'ASUS ROG Phone 6 16GB 512GB - Chỉ có tại CellphoneS', 4, 1, 16990000, 'asus.jpg', 'Màn hình\r\n\r\nKích thước màn hình\r\n\r\n6.78 inches\r\nCông nghệ màn hình\r\n\r\nAMOLED\r\nĐộ phân giải màn hình\r\n\r\n1080 x 2448 pixels (FullHD+)\r\nTính năng màn hình\r\n\r\n1 tỷ màu, Tần số quét màn hình 165Hz, HDR10+, Độ sáng màn hình 800 nits (typ) và 1200 nits (peak), Corning Gorilla Glass Victus, Delta-E < 1\r\nTần số quét\r\n\r\nTừ 144Hz trở lên\r\nCamera sau\r\n\r\nCamera sau\r\n\r\nCamera chính góc rộng: 50 MP, f/1.9, PDAF\r\nCamera góc siêu rộng:13 MP, f/2.2\r\nCamera macro: 5 MP\r\nQuay video\r\n\r\n8K@24fps, 4K@30/60/120fps, 1080p@30/60/120/240fps, 720p@480fps; gyro-EIS\r\nTính năng camera\r\n\r\nLED flash, HDR, panorama, lấy nét theo pha\r\nCamera trước\r\n\r\nCamera trước\r\n\r\n12 MP\r\nQuay video trước\r\n\r\n1080p@30fps\r\nVi xử lý & đồ họa\r\n\r\nChipset\r\n\r\nSnapdragon® 8+ Gen 1\r\nGPU\r\n\r\nAdreno 730\r\nGiao tiếp & kết nối\r\n\r\nCông nghệ NFC\r\n\r\nCó\r\nThẻ SIM\r\n\r\n2 SIM (Nano-SIM)\r\nJack tai nghe 3.5\r\n\r\nCó\r\nHỗ trợ mạng\r\n\r\n5G\r\nGPS\r\n\r\nGPS, A-GPS. Up to dual-band: GLONASS (1), BDS (2), GALILEO (2), QZSS (2), NavIC\r\nRAM & lưu trữ\r\n\r\nDung lượng RAM\r\n\r\n16 GB\r\nBộ nhớ trong\r\n\r\n512 GB\r\nPin & công nghệ sạc\r\n\r\nPin\r\n\r\n6000 mAh\r\nCông nghệ sạc\r\n\r\nSạc nhanh 65W\r\nSạc ngược 10W\r\nPower Delivery 3.0\r\nQuick Charge 5\r\nCổng sạc\r\n\r\nUSB Type-C\r\nTính năng khác\r\n\r\nHệ điều hành\r\n\r\nAndroid 12\r\nBộ xử lý & Đồ họa\r\n\r\nLoại CPU\r\n\r\n1 nhân 3.19 GHz Cortex-X2\r\n3 nhân 2.75 GHz Cortex-A710\r\n4 nhân 1.80 GHz Cortex-A510\r\nKích thước & Trọng lượng\r\n\r\nKích thước\r\n\r\n173 x 77x 10.4 mm\r\nThiết kế & Trọng lượng\r\n\r\nChất liệu mặt lưng\r\n\r\nKính\r\nThông số khác\r\n\r\nHệ thống làm mát\r\n\r\nGameCool 6 với 3 cơ chế làm mát\r\nChỉ số kháng nước, bụi\r\n\r\nIPX4\r\nTiện ích khác\r\n\r\nHệ thống đèn nhiều lựa chọn màu sắc, Công nghệ AIRTRIGGER\r\nCông nghệ âm thanh\r\n\r\nHệ thống âm thanh GameFX, công nghệ Snapdragon Sound™ và bộ phần mềm mã hóa aptX™ Adaptive, loa stereo kép\r\nTiện ích khác\r\n\r\nCảm biến vân tay\r\n\r\nCảm biến vân tay trong màn hình\r\nCác loại cảm biến\r\n\r\nCảm biến gia tốc, Cảm biến tiệm cận, Cảm biến ánh sáng, La bàn, Con quay hồi chuyển, Cảm biến áp kế\r\nTính năng đặc biệt\r\n\r\nBảo mật vân tay\r\nCổng kết nối\r\n\r\nWi-Fi\r\n\r\nWi-Fi 802.11 a/b/g/n/ac/6e, tri-band, Wi-Fi Direct, hotspot\r\nBluetooth\r\n\r\n5.2, A2DP, LE, aptX HD, aptX Adaptive', 0, '2024-11-10 01:27:02'),
(32, 'ASUS ROG Phone 6 Mediatek', 4, 1, 7990000, 'asus2.jpg', 'Màn hình\r\n\r\nKích thước màn hình\r\n\r\n6.78 inches\r\nCông nghệ màn hình\r\n\r\nAMOLED\r\nĐộ phân giải màn hình\r\n\r\n1080 x 2448 pixels (FullHD+)\r\nTính năng màn hình\r\n\r\nCorning ® Gorilla ® Glass Victus, 165Hz, Độ sáng tối đa: 1200 nits, Mật độ điểm ảnh: 395 ppi\r\nCamera sau\r\n\r\nCamera sau\r\n\r\nCamera chính: 50 MP, f/1.9\r\nCamera góc siêu rộng: 13 MP\r\nCamera macro: 5 MP\r\nQuay video\r\n\r\n8K@24fps , 4K@30/60fps\r\nTính năng camera\r\n\r\nFlash LED, HDR, Trôi nhanh thời gian (Time Lapse), Quay chậm (Slow Motion)\r\nCamera trước\r\n\r\nCamera trước\r\n\r\n12 MP\r\nQuay video trước\r\n\r\n1080p@30/60fps, 720p@30/60 fps\r\nVi xử lý & đồ họa\r\n\r\nChipset\r\n\r\nMediaTek Dimensity 7000 Series\r\nGPU\r\n\r\nAdreno ™ 730\r\nGiao tiếp & kết nối\r\n\r\nCông nghệ NFC\r\n\r\nCó\r\nThẻ SIM\r\n\r\n2 SIM (Nano-SIM)\r\nJack tai nghe 3.5\r\n\r\nCó\r\nHỗ trợ mạng\r\n\r\n5G\r\nGPS\r\n\r\nCó, Glonass, Galileo, BeiDou, QZSS và NavIC\r\nRAM & lưu trữ\r\n\r\nDung lượng RAM\r\n\r\n12 GB\r\nBộ nhớ trong\r\n\r\n256 GB\r\nPin & công nghệ sạc\r\n\r\nPin\r\n\r\n6000 mAh\r\nCông nghệ sạc\r\n\r\nSạc nhanh 5.0\r\nSạc PD\r\nSạc 65W\r\nCổng sạc\r\n\r\nUSB Type-C\r\nTính năng khác\r\n\r\nHệ điều hành\r\n\r\nAndroid 12\r\nKích thước & Trọng lượng\r\n\r\nKích thước\r\n\r\n173 x 77x 10,4 mm\r\nTrọng lượng\r\n\r\n239g\r\nThiết kế & Trọng lượng\r\n\r\nChất liệu mặt lưng\r\n\r\nKính\r\nThông số khác\r\n\r\nChỉ số kháng nước, bụi\r\n\r\nIPX4\r\nTiện ích khác\r\n\r\nCảm biến vân tay\r\n\r\nCảm biến vân tay trong màn hình\r\nCác loại cảm biến\r\n\r\nCảm biến gia tốc, Cảm biến tiệm cận, Cảm biến ánh sáng, La bàn, Con quay hồi chuyển, Cảm biến áp kế\r\nCổng kết nối\r\n\r\nWi-Fi\r\n\r\nWiFi 6E * (802.11a / b / g / n / ac / ax, 2x2 MIMO)\r\nBluetooth\r\n\r\nv5.2', 0, '2024-11-10 01:27:02'),
(33, 'ASUS Vivobook S 14 M5406WA-PP071WS (AMD Ryzen AI 9 HX 370)\r\n', 4, 2, 33890000, 'asus-lap1.jpg', 'Bộ xử lý & Đồ họa\r\n\r\nChip AI\r\n\r\nAMD XDNA NPU up to 50TOPS\r\nLoại card đồ họa\r\n\r\nAMD Radeon 890M Graphics\r\nLoại CPU\r\n\r\nAMD Ryzen AI 9 HX 370 2.0GHz (36MB Cache, up to 5.1GHz, 12 lõi, 24 luồng)\r\nBộ nhớ RAM, Ổ cứng\r\n\r\nDung lượng RAM\r\n\r\n32GB\r\nLoại RAM\r\n\r\nLPDDR5X Onboard\r\nỔ cứng\r\n\r\n1TB M.2 NVMe PCIe 4.0 SSD (1x M.2 2280 PCIe 3.0x4)\r\nMàn hình\r\n\r\nTần số quét\r\n\r\n120 Hz\r\nChất liệu tấm nền\r\n\r\nTấm nền Oled\r\nCông nghệ màn hình\r\n\r\nĐộ sáng tối đa HDR 600nits\r\nĐộ phủ màu DCI-P3 100%\r\n1.000.000:1\r\nMàn hình HDR True Black 600 ĐÃ CHỨNG NHẬN VESA\r\n1.07 tỷ màu\r\nĐược PANTONE xác thực\r\nMàn hình bóng\r\nGiảm 65% ánh sáng xanh có hại\r\nKích thước màn hình\r\n\r\n14 inches\r\nĐộ phân giải màn hình\r\n\r\n2880 x 1800 pixels\r\nÂm thanh\r\n\r\nCông nghệ âm thanh\r\n\r\nCông nghệ Smart Amp\r\nLoa tích hợp\r\nMicrô mảng tích hợp\r\nharman/kardon (Mainstream)\r\ncó hỗ trợ Cortana\r\nCổng kết nối\r\n\r\nCổng giao tiếp\r\n\r\n1x USB 3.2 Gen 1 Type-C (Display / Sạc)\r\n2x USB 3.2 Gen 1 Type-A\r\n1x USB 4.0 Gen 3 Type-C (Display / Sạc)\r\n1x HDMI 2.1 TMDS\r\n1x 3.5mm Combo Audio Jack\r\nMicro SD card reader\r\nKhe đọc thẻ nhớ\r\n\r\nCó\r\nWi-Fi\r\n\r\nWi-Fi 6E(802.11ax) (Dual band) 2*2\r\nBluetooth\r\n\r\nBluetooth 5.3\r\nTiện ích khác\r\n\r\nTính năng đặc biệt\r\n\r\nWi-Fi 6, Nhận diện khuôn mặt, Màn hình Oled\r\nTính năng khác\r\n\r\nLoại đèn bàn phím\r\n\r\nBàn phím Chiclet có đèn nền RGB 1 vùng không có phím số, hành trình phím 1.7mm, bàn di chuột, có phím Copilot\r\nBảo mật\r\n\r\nMô-đun nền tảng đáng tin cậy (Phần mềm TPM)\r\nBộ xử lý bảo mật Microsoft Pluton\r\nMcAfee\r\nCamera hồng ngoại có hỗ trợ Windows Hello\r\nWebcam\r\n\r\nCamera FHD có chức năng IR hỗ trợ Windows Hello\r\nVới màn trập riêng tư\r\nHệ điều hành\r\n\r\nWindows 11 Home + OFFICE\r\nPin & công nghệ sạc\r\n\r\nPin\r\n\r\n75WHrs, 4S1P, 4-cell Li-ion\r\nKích thước & Trọng lượng\r\n\r\nKích thước\r\n\r\n31.05 x 22.19 x 1.39 ~ 1.59 cm (W x D x H)\r\nTrọng lượng\r\n\r\n1.30 kg', 0, '2024-11-10 01:27:02'),
(34, 'ASUS Vivobook S 15 S5507QA-MA090WS (Snapdragon X Elite, AI Copilot+ PC)\r\n', 4, 2, 34890000, 'asus-lap2.jpg', 'Bộ xử lý & Đồ họa\r\n\r\nChip AI\r\n\r\nQualcomm Hexagon NPU up to 45TOPS\r\nLoại card đồ họa\r\n\r\nQualcomm Adreno GPU\r\nLoại CPU\r\n\r\nSnapdragon X Plus X1P 42 100 up to 3.4GHz\r\nBộ nhớ RAM, Ổ cứng\r\n\r\nDung lượng RAM\r\n\r\n16GB\r\nLoại RAM\r\n\r\nLPDDR5X Onboard\r\nỔ cứng\r\n\r\n512GB M.2 NVMe PCIe 4.0 SSD\r\nMàn hình\r\n\r\nTần số quét\r\n\r\n120Hz\r\nChất liệu tấm nền\r\n\r\nTấm nền Oled\r\nCông nghệ màn hình\r\n\r\nThời gian phản hồi 0.2ms\r\nĐộ sáng tối đa 600nits HDR\r\nĐộ phủ màu 100% DCI-P3\r\n1.07 tỷ màu\r\nDisplay HDR True Black 600\r\nTÜV Rheinland-certified\r\nSGS Eye Care Display\r\nGiảm 70% ánh sáng xanh có hại\r\nKích thước màn hình\r\n\r\n15.6 inches\r\nĐộ phân giải màn hình\r\n\r\n2880 x 1620 pixels\r\nÂm thanh\r\n\r\nCông nghệ âm thanh\r\n\r\nCông nghệ Smart Amp\r\nLoa tích hợp\r\nMicrô mảng tích hợp\r\nharman/kardon (Chính thống)\r\nCổng kết nối\r\n\r\nCổng giao tiếp\r\n\r\n2x USB 3.2 Gen 1 Type-A\r\n2x USB 4.0 Gen 3 Type-C (display / Sạc)\r\n1x HDMI 2.1 TMDS\r\n1x 3.5mm Combo Audio Jack\r\nĐầu đọc thẻ Micro SD\r\nKhe đọc thẻ nhớ\r\n\r\nCó\r\nWi-Fi\r\n\r\nWi-Fi 7(802.11be) (Tri-band)2*2\r\nBluetooth\r\n\r\nBluetooth 5.4\r\nKích thước & Trọng lượng\r\n\r\nChất liệu\r\n\r\nVỏ kim loại\r\nChất liệu vỏ màn hình\r\n\r\nNhôm\r\nChất liệu vỏ trên\r\n\r\nNhôm\r\nChất liệu vỏ dưới\r\n\r\nNhôm\r\nKích thước\r\n\r\n35.26 x 22.69 x 1.47 ~ 1.59 cm (W x H x D)\r\nTrọng lượng\r\n\r\n1.42 kg\r\nTiện ích khác\r\n\r\nTính năng đặc biệt\r\n\r\nNhận diện khuôn mặt, Màn hình Oled, Wi-Fi 7\r\nTính năng khác\r\n\r\nLoại đèn bàn phím\r\n\r\nBàn phím Chiclet có đèn nền RGB 1 vùng với phím số với phím Copilot\r\nBảo mật\r\n\r\nCamera hồng ngoại hỗ trợ Windows Hello\r\nBIOS Booting User Password Protection\r\nBIOS setup user password\r\nMicrosoft Pluton security processor\r\nTrusted Platform Module (Firmware TPM)\r\nWebcam\r\n\r\nCamera FHD có chức năng IR hỗ trợ Windows Hello\r\nCó màn trập riêng tư\r\nHệ điều hành\r\n\r\nWindows 11 Home\r\nPin & công nghệ sạc\r\n\r\nPin\r\n\r\n70WHrs, 3S1P, 3-cell Li-ion', 0, '2024-11-10 01:27:02'),
(35, 'Tai nghe có dây Gaming ASUS ROG Cetra II Core', 4, 3, 2290000, 'asus-tainghe1.jpg', 'Công nghệ âm thanh\r\n\r\nMicro\r\n\r\nCó\r\nKhả năng kết nối\r\n\r\nSố thiết bị kết nối cùng lúc\r\n\r\n1 thiết bị\r\nCổng kết nối\r\n\r\n3.5mm\r\nĐiều khiển\r\n\r\nPhương thức điều khiển\r\n\r\nNút bấm vật lý\r\nThao tác điều khiển\r\n\r\nChuyển bài\r\nĐiều chỉnh âm lượng\r\nThông tin hãng\r\n\r\nHãng sản xuất\r\n\r\nASUS', 0, '2024-11-10 01:27:02'),
(36, 'Tai nghe chụp tai Gaming ASUS ROG Delta S Core', 4, 3, 1590000, 'asus-tainghe2.jpg', 'Công nghệ âm thanh\r\n\r\nCông nghệ âm thanh\r\n\r\nHi-Res Audio\r\nMicro\r\n\r\nCó\r\nCó thể tháo rời\r\nKích thước & Trọng lượng\r\n\r\nTrọng lượng\r\n\r\n270 g', 0, '2024-11-10 01:27:02'),
(37, 'Asus Vivowatch 5', 4, 4, 11190000, 'asus-dongho1.jpg', 'Màn hình\r\n\r\nCông nghệ màn hình\r\n\r\nLCD màu chống chói\r\nKích thước màn hình\r\n\r\n1.34 inch\r\nĐộ phân giải\r\n\r\n320 x 320 pixels\r\nThiết kế\r\n\r\nChất liệu mặt kính\r\n\r\nKính cường lực Gorilla Glass\r\nChất liệu viền\r\n\r\nThép\r\nĐường kính mặt\r\n\r\nHãng không công bố\r\nThiết kế\r\n\r\nMặt tròn\r\nTrọng lượng\r\n\r\n52 gram\r\nDây đeo\r\n\r\nChất liệu dây\r\n\r\nCao Su\r\nĐộ dài dây\r\n\r\nHãng không công bố\r\nBề rộng dây\r\n\r\n2.2 cm\r\nKích thước cổ tay phù hợp\r\n\r\nHãng không công bố\r\nTính năng\r\n\r\nNghe,gọi\r\n\r\nKhông\r\nKháng nước\r\n\r\n5 ATM (đi mưa, bơi ở vùng nước nông)\r\nTiện ích sức khoẻ\r\n\r\nChế độ luyện tập, Theo dõi giấc ngủ, Đo nhịp tim, Đo lượng oxy trong máu, Đếm bước chân, Tính calo tiêu thụ, Tính quãng đường chạy, Đo mức độ stress, Đo huyết áp\r\nThông báo\r\n\r\nTin nhắn\r\nZalo\r\nLine\r\nViber\r\nCuộc gọi\r\nTiện ích khác\r\n\r\nCó định vị GPS, Nhận thông báo cuộc gọi, Bấm giờ, Báo thức\r\nCấu hình\r\n\r\nKết nối\r\n\r\nBluetooth 4.2\r\nGPS\r\nRam\r\n\r\nKhông công bố\r\nBộ nhớ trong\r\n\r\nKhông công bố\r\nHệ điều hành\r\n\r\nKhác\r\nTương thích\r\n\r\nAndroid 4.4 trở lên\r\niOS 11 trở lên\r\nỨng dụng kết nối\r\n\r\nAsus Heath Connect\r\nPin\r\n\r\nThời lượng pin\r\n\r\nChế độ thông minh: Khoảng 10 ngày\r\nChế độ tiết kiệm pin: Khoảng 14 ngày\r\nThời gian sạc\r\n\r\nHãng không công bố\r\nCổng sạc\r\n\r\nSạc thông qua dây USB\r\nThông tin hãng\r\n\r\nHãng sản xuất\r\n\r\nASUS', 0, '2024-11-10 01:27:02'),
(38, 'Asus Vivowatch 7\r\n', 4, 4, 21990000, 'asus-dongho2.jpg', 'Màn hình\r\n\r\nCông nghệ màn hình\r\n\r\nLCD\r\nKích thước màn hình\r\n\r\n1.34 inches\r\nThiết kế\r\n\r\nChất liệu viền\r\n\r\nThép\r\nPin & công nghệ sạc\r\n\r\nPin\r\n\r\n10 ngày sử dụng bình thường\r\n14 ngày với chế độ tiết kiệm pin\r\nDây đeo\r\n\r\nChất liệu dây\r\n\r\nCao Su\r\nTính năng\r\n\r\nTiện ích khác\r\n\r\nCó định vị GPS, Chế độ luyện tập\r\nKích thước & Trọng lượng\r\n\r\nTrọng lượng\r\n\r\n62 g với dây silicone\r\nThông số kỹ thuật\r\n\r\nDung lượng Pin\r\n\r\n200 mAh\r\nChống nước\r\n\r\nChống nước\r\n\r\n5 ATM\r\nCấu hình\r\n\r\nCảm biến\r\n\r\nCảm biến trọng lực\r\nGPS\r\nCảm biến EEG\r\nCảm biến Pulse O2\r\nThông tin hãng\r\n\r\nHãng sản xuất\r\n\r\nASUS', 0, '2024-11-10 01:27:02'),
(39, 'PC Gaming MyGear x Asus Intel I9 14900K | Ram 32GB | 1TB SSD | RTX 4090 24G', 4, 5, 41990000, 'asus-pc1.jpg', 'Loại Linh Kiện	Tên Linh Kiện	Bảo Hành\r\nBo mạch chủ	Bo Mạch Chủ Mainboard Asus ROG Maximus Z690 Hero WIFI DDR5	36 tháng \r\nBộ vi xử lý	CPU Intel Core I9 14900K (Up To 6.0GHz, 24 Nhân 32 Luồng, 36MB Cache)	36 tháng \r\nCard màn hình	Card Màn Hình VGA ASUS ROG Strix GeForce RTX 4090 OC Edition 24GB GDDR6X	36 tháng \r\nBộ nhớ RAM	32GB ,Bộ Nhớ Ram PC G.Skill Trident Z5 RGB Black DDR5-6000MHz 32GB	36 tháng \r\nỔ cứng SSD	Ổ Cứng SSD Samsung 990 Pro 1TB PCIe Gen 4.0 X4 NVMe V-NAND M.2 2280	60 tháng \r\nNguồn máy tính	Nguồn Asus ROG Strix 1000W Gold Aura Edition	36 tháng \r\nVỏ Case	Vỏ Case ASUS ROG Hyperion GR701	12 tháng\r\nTản nhiệt CPU	Bộ Tản Nhiệt Nước Asus ROG Ryujin III 360 ARGB	36 tháng\r\nỔ cứng HDD	Tùy chọn thêm	Tùy Sản Phẩm', 0, '2024-11-10 01:27:02'),
(40, 'PC Gaming MyGear x Asus GR701 ROG Z790 BTF Intel I7 14700K | Ram 32GB | 1TB SSD | RTX 4090', 4, 5, 34890000, 'asus-pc2.jpg', 'Loại Linh Kiện\r\n\r\nTên Linh Kiện\r\n\r\nBảo Hành\r\n\r\nBo mạch chủ\r\n\r\nBo Mạch Chủ Mainboard ASUS ROG Maximus Z790 HERO BTF WIFI 7.\r\n\r\n60 tháng \r\n\r\nBộ vi xử lý\r\n\r\nCPU Intel Core I7 14700K\r\n\r\n36 tháng \r\n\r\nCard màn hình\r\n\r\nCard Màn Hình ASUS ROG Strix GeForce RTX™ 4090 BTF 24GB GDDR6X\r\n\r\n60 tháng \r\n\r\nBộ nhớ RAM\r\n\r\nBộ Nhớ Ram PC Adata XPG Lancer RGB ROG 32GB (2x16GB) DDR5 6600MHz	\r\n36 tháng \r\n\r\nỔ cứng SSD\r\n\r\nỔ Cứng SSD Lexar NM790 M.2 2280 NVME 1TB GEN 4 (7400MB/s)\r\n\r\n60 tháng \r\n\r\nNguồn máy tính\r\n\r\nNguồn Asus ROG Strix 1000W Gold Aura Edition\r\n\r\n120 tháng \r\n\r\nVỏ Case\r\n\r\nVỏ Case ASUS ROG Hyperion GR701 BTF Edition\r\n\r\n24 tháng\r\n\r\nTản nhiệt CPU\r\n\r\nBộ Tản Nhiệt Nước Asus ROG Ryujin III 360 ARGB\r\n\r\n72 tháng', 0, '2024-11-10 01:27:02'),
(41, 'Microsoft Lumia 950 XL', 5, 1, 590000, 'micro1.jpg', 'Cấu hình & Bộ nhớ\r\nChip xử lý (CPU):\r\nSnapdragon 810\r\nTốc độ CPU:\r\n4 nhân 1.5 GHz & 4 nhân 2.0 GHz\r\nChip đồ họa (GPU):\r\nAdreno 430\r\nRAM:\r\n3 GB\r\nDung lượng lưu trữ:\r\n32 GB\r\nDung lượng còn lại (khả dụng) khoảng:\r\nKhoảng 24.66 GB\r\nDanh bạ:\r\nKhông giới hạn\r\nCamera & Màn hình\r\nPin & Sạc\r\nDung lượng pin:\r\n3340 mAh\r\nLoại pin:\r\nLi-Ion\r\nTiện ích\r\nRadio:\r\nCó\r\nXem phim:\r\nWMV9\r\nH.264(MPEG4-AVC)\r\nMP4\r\nNghe nhạc:\r\neAAC+\r\nWMA\r\nWAV\r\nMP3\r\nKết nối\r\nSIM:\r\n1 Nano SIM\r\nWifi:\r\nWi-Fi hotspot\r\nDual-band (2.4 GHz/5 GHz)\r\nWi-Fi 802.11 a/b/g/n/ac\r\nGPS:\r\nGLONASS\r\nGPS\r\nBluetooth:\r\nCó\r\nv4.1\r\nCổng kết nối/sạc:\r\nType-C\r\nJack tai nghe:\r\n3.5 mm\r\nKết nối khác:\r\nMiracast\r\nMHL\r\nOTG\r\nThiết kế & Chất liệu\r\nThiết kế:\r\nPin rời\r\nChất liệu:\r\nKhung & Mặt lưng nhựa, nhôm\r\nKích thước, khối lượng:\r\nNặng 165 g\r\nHãng:\r\nNokia', 0, '2024-11-10 01:27:02'),
(42, 'Microsoft Lumia 53', 5, 1, 1590000, 'micro2.pjg', 'Cấu hình & Bộ nhớ\r\nChip xử lý (CPU):\r\nSnapdragon 200\r\nTốc độ CPU:\r\n1.2 GHz\r\nChip đồ họa (GPU):\r\nAdreno 302\r\nRAM:\r\nĐang cập nhật\r\nDung lượng lưu trữ:\r\n8 GB\r\nDung lượng còn lại (khả dụng) khoảng:\r\nĐang cập nhật\r\nDanh bạ:\r\nKhông giới hạn\r\nCamera & Màn hình\r\nĐộ phân giải camera sau:\r\n5 MP\r\nQuay phim camera sau:\r\nSD 480p@30fps\r\nĐộ phân giải camera trước:\r\nVGA (0.3 MP)\r\nCông nghệ màn hình:\r\nLCD\r\nĐộ phân giải màn hình:\r\nWVGA (480 x 800 Pixels)\r\nKích thước màn hình:\r\n4\"\r\nMặt kính cảm ứng:\r\nKính thường\r\nPin & Sạc\r\nDung lượng pin:\r\n1560 mAh\r\nLoại pin:\r\nLi-Ion\r\nTiện ích\r\nRadio:\r\nCó\r\nXem phim:\r\nH.264(MPEG4-AVC)\r\nMP4\r\nNghe nhạc:\r\nAAC\r\nWAV\r\nMP3\r\nKết nối\r\nMạng di động:\r\nĐang cập nhật\r\nSIM:\r\n1 Micro SIM\r\nWifi:\r\nWi-Fi hotspot\r\nWi-Fi 802.11 a/b/g/n\r\nGPS:\r\nCó\r\nBluetooth:\r\nv4.0\r\nCổng kết nối/sạc:\r\nMicro USB\r\nJack tai nghe:\r\n3.5 mm\r\nThiết kế & Chất liệu\r\nThiết kế:\r\nPin rời\r\nChất liệu:\r\nKhung & Mặt lưng nhựa\r\nKích thước, khối lượng:\r\nNặng 136.3 g\r\nHãng:\r\nNokia.', 0, '2024-11-10 01:27:02'),
(43, 'Surface Laptop 4 I7 16GB 512GB 13.5', 5, 2, 13590000, 'micro-lap1.jpg', '\r\n- CPU	 Intel® Core™ i7-1185G7\r\n- Card đồ họa	 Intel Iris Xe Graphics\r\n- Bộ nhớ trong	 512 GB SSD\r\n- RAM	 16 GB\r\n- Kích thước màn hình	13.5-inch\r\n- Độ phân giải	 2256 x 1504 pixels (201 PPI)\r\n- Trọng lượng	 1.265 kg', 0, '2024-11-10 01:27:02'),
(44, 'Surface Laptop Studio 2 13th Gen Intel Core i7, 16GB RAM, 512GB SSD NVIDIA GeForce RTX 4050', 5, 2, 52590000, 'micro-lap2.jpg', 'Kích thước	323,28 mm x 228,32 mm x 18,94 mm\r\nMàn hình	Màn hình hiển thị PixelSense Flow 14.4 inch\r\nTần số quét: 120Hz\r\nĐộ phân giải: 2400 x 1600 pixels (201 PPI)\r\nTỷ lệ khung hình 3:2\r\nTỷ lệ tương phản 1500:1\r\nCảm ứng 10 điểm chạm\r\nKính cường lực Gorilla Glass 5\r\nRam	16GB LPDDR5\r\nỔ cứng SSD	512GB SSD (có thể thay thế được)\r\nCPU	– Bộ xử lý Core™ i7-13700H thế hệ thứ 13\r\n(Được xây dựng trên nền tảng Intel Evo)\r\n– Bộ gia tốc AI Intel® Movidius™ 3700VC thế hệ thứ 3\r\nBảo mật	Windows Hello\r\nTrọng lượng	4.37 lbs (~1,98kg)\r\nBút tương thích	Surface Pen hoặc Surface Slim Pen 2\r\nThời lượng pin	Lên đến 18 giờ (theo hãng công bố ở điều kiện tiêu chuẩn)\r\nCard đồ họa	– NVIDIA® GeForce RTX™ 4050 GPU với 6GB GDDR6 vRAM\r\n(tốc độ xung nhịp: 2130 MHz, công suất đồ họa tối đa 80W)\r\nCổng kết nối	– 2 cổng USB-C Thunderbolt 4\r\n– 1 jack tai nghe 3,5 mm\r\n– 1 cổng Surface Connect\r\n– USB-A 3.1\r\n– MicroSDXC card reader\r\nPhần mềm	– Windows 11 Home\r\n– Preloaded Microsoft 365 Apps\r\n– Bản dùng thử trong 30 ngày Microsoft 365 Family\r\n– Preloaded Xbox App\r\n– Dùng thử trong 30 ngày Xbox Game Pass Ultimate\r\nCameras, video và audio	Camera trước độ phân giải 1080p\r\nMics: Dual Studio Mics with Voice Clarity\r\nAudio: Quad Omnisonic với công nghệ Dolby Atmos\r\nKết nối	Wi-Fi 6E: 802.11ax; Bluetooth 5.3\r\nChất liệu	Vỏ: Nhôm Anodized ; Màu sắc: Platinum', 0, '2024-11-10 01:27:02'),
(45, 'Tai nghe Surface Headphones kết nối không dây bluetooth', 5, 3, 4790000, 'micro-tainghe1.jpg', 'Tại sự kiện của Microsoft diễn ra vào ngày 3/10, hãng đã giới thiệu mới một sản phẩm nhận được sự quan tâm rất lớn của những người hâm mộ Surface chính là chiếc tai nghe Surface Headphone – đây là chiêc tai không dây kết nối bluetooth tốt nhất của hãng từ trước tới nay.\r\n\r\nSurface Headphone đắt tiền, nhưng đáng giá vì bạn đang nhận được nhiều hơn chỉ là một đôi tai nghe. Ngoài việc đánh giá trực tiếp các tính năng của đôi tai nghe này nó còn được so sánh đánh giá với rất nhiều các sản phẩm cùng phân khúc khác. Hãy cùng Surface Việt khám phá về chiếc tai nghe thú vị này nhé.', 0, '2024-11-10 01:27:02'),
(46, 'Tai nghe Microsoft Surface Headphones 2 kết nối không dây', 5, 3, 21990000, 'micro-tainghe2.jpg', '2 phiên bản màu sắc: Xám trắng Light Gray & Đen Matte Black\r\nTrọng lượng chỉ 0,29kg. Kiểu dáng thiết kế ôm tai. Kết nối không dây.\r\nSạc pin cổng type C chỉ mất 2h & sử dụng trong 15 – 18.5 tiếng liên tục\r\nTương thích Windows 10, 11, Android 9 or 10, iOS 12 or 13, Bluetooth 4.1, 4.2, 5.0\r\n13 chế độ lọc, khử tạp âm, tiếng ồn môi trường', 0, '2024-11-10 01:27:02'),
(47, 'Microsoft Xbox Watch', 5, 4, 7990000, 'micro-dongho1.jpg', 'Nguyên mẫu được thiết kế hình vuông bo góc, bao gồm một màn hình hiển thị 1,5 inch. Bên cạnh đó, dây đeo tay của nó cũng có thể tháo rời được giống như các loại đồng hồ thông minh hiện đại. Giao diện của thiết bị trông khá giống với giao diện của các sản phẩm đeo ngoài khác mà Microsoft đã bỏ lại; nhưng nhìn chung, trông giao diện của nó giống với giao diện của Xbox năm 2013.\r\nSản phẩm này có thể đo được các thông số sức khỏe, theo dõi GPS, có cảm biến nhịp tim, có nhiều ứng dụng cho tập luyên thể thao. Có vẻ như đối tượng khách hàng của Xbox Watch là những người yêu thích thể thao và có nhu cầu sử dụng đồng hồ như một công cụ hỗ trợ sức khỏe.', 0, '2024-11-10 01:27:02'),
(48, 'Microsoft ra mắt đồng hồ mang chủ đề Xbox, giới hạn 250 chiếc', 5, 4, 19990000, 'micro-dongho2.jpg', 'Microsoft mới đây đã bắt tay với nhà sản xuất đồng hồ Meister Clock của Mỹ, giới thiệu đồng hồ phiên bản giới hạn mang phong cách Xbox đặc trưng. Trước đó, hãng đã từng tung ra các sản phẩm thuộc chủ đề Xbox như tủ lạnh, các tay cầm chơi game có thiết kế độc đáo và khác biệt.\r\n\r\nSản phẩm chỉ giới hạn 250 chiếc, mang tông màu \'Crystal White\' thường thấy trên tay cầm Xbox và có thiết kế khá tinh tế, hút mắt. Không giống với những chiếc smartwatch hiện nay, đây là sản phẩm kết hợp giữa tính thẩm mỹ hiện đại nhưng mang trong mình chức năng của đồng hồ cổ điển.\r\n\r\nĐồng hồ Microsoft đi kèm dây đeo màu đen/trắng cho người dùng thay đổi. Điểm nhấn trên dây đeo tới từ các hoạ tiết xếp lớp địa hình, mang lại vẻ độc đáo cho đồng hồ. Bộ máy điều khiển đồng hồ là hệ thống thạch anh 3 kim của Nhật Bản, đảm bảo độ chính xác và tuổi thọ của sản phẩm.', 0, '2024-11-10 01:27:02'),
(49, 'Microsoft Surface Studio 2+ 28-inch Touchscreen All-In-One Desktop Computer, Intel Core i7-11370H 3.', 5, 5, 132269179, 'micro-pc1.jpg', '\r\nStanding screen display size	28 Inches\r\nScreen Resolution	4500 x 3000\r\nMax Screen Resolution	3840 x 2160 pixels\r\nProcessor	3 GHz core_i7\r\nRAM	32 GB DDR4\r\nHard Drive	1 TB SSD\r\nGraphics Coprocessor	Nvidia Ge Force Rtx 3060\r\nChipset Brand	NVIDIA\r\nCard Description	Dedicated\r\nGraphics Card Ram Size	6 GB\r\nWireless Type	Bluetooth, 802.11ax\r\nBrand	Microsoft\r\nSeries	Surface Studio 2+\r\nItem model number	SBG-00001\r\nHardware Platform	PC\r\nOperating System	Windows 11 Pro, Windows\r\nItem Weight	21.1 pounds\r\nProduct Dimensions	25.1 x 0.5 x 17.3 inches\r\nItem Dimensions LxWxH	25.1 x 0.5 x 17.3 inches\r\nColor	Silver\r\nProcessor Brand	Intel\r\nNumber of Processors	4\r\nComputer Memory Type	DDR4 SDRAM\r\nHard Drive Interface	Solid State', 0, '2024-11-10 01:27:02'),
(50, 'HP Pavilion TP01-4019d i5 13400/8GB/512GB/Bàn phím/Chuột/Win11 (8X3R3PA)', 5, 5, 14690000, 'micro-pc2.jpg', 'Bộ xử lý\r\nCông nghệ CPU:\r\ni5\r\nLoại CPU:\r\n13400\r\nTốc độ CPU:\r\n2.50 GHz\r\nTốc độ tối đa:\r\n4.60 GHz\r\nChipset:\r\nIntel H670\r\nBộ nhớ RAM, Ổ cứng\r\nRAM:\r\n8 GB\r\nLoại RAM:\r\nDDR4 2 khe (1 khe 8 GB + 1 khe trống)\r\nSố khe RAM:\r\n2 khe\r\nTốc độ Bus RAM:\r\n3200 MHz\r\nHỗ trợ RAM tối đa:\r\n32 GB\r\nỔ cứng:\r\n512 GB SSD\r\nChuẩn kết nối ổ cứng:\r\n1 x Hỗ trợ khe cắm HDD SATA 3.5 inch (nâng cấp lên tối đa 2 TB)\r\nĐồ họa và Âm thanh\r\nThiết kế card:\r\nCard đồ hoạ tích hợp\r\nCard màn hình:\r\nIntel UHD 730\r\nCông nghệ âm thanh:\r\nRealtek High Definition Audio\r\nCổng kết nối & tính năng mở rộng\r\nCổng kết nối - Mặt sau:\r\n4 x USB 2.0\r\n1 x LAN (RJ45)\r\n1 x HDMI\r\n1 x VGA\r\n3 x Audio jacks\r\nCổng kết nối - Mặt trước:\r\n1 x USB Type-C 3.2\r\n1 x Headphone/microphone combo\r\n4 x USB 3.2\r\nGiao tiếp mạng:\r\nWi-Fi 6(802.11ax)\r\nBluetooth 5.3\r\nKhe đọc thẻ nhớ:\r\nSD\r\nTính năng khác:\r\nĐi kèm chuột & bàn phím\r\nKích thước & khối lượng\r\nKích thước, khối lượng:\r\nDài 337.4 mm - Rộng 304 mm - Dày 155.4 mm - Nặng 5.96 kg\r\nThông tin khác\r\nBộ nguồn điện:\r\n350W\r\nHệ điều hành:\r\nWindows 11\r\nThời gian ra mắt:\r\n2023', 0, '2024-11-10 01:27:02');

-- --------------------------------------------------------

--
-- Table structure for table `protypes`
--

CREATE TABLE `protypes` (
  `type_id` int(11) NOT NULL,
  `type_name` varchar(100) NOT NULL
) ENGINE=InnoDB DEFAULT CHARSET=utf8mb4 COLLATE=utf8mb4_unicode_ci;

--
-- Dumping data for table `protypes`
--

INSERT INTO `protypes` (`type_id`, `type_name`) VALUES
(1, 'Điện thoại'),
(2, 'Laptop'),
(3, 'Tai nghe'),
(4, 'Đồng hồ'),
(5, 'Máy tính để bàn');

--
-- Indexes for dumped tables
--

--
-- Indexes for table `manufactures`
--
ALTER TABLE `manufactures`
  ADD PRIMARY KEY (`manu_id`);

--
-- Indexes for table `products`
--
ALTER TABLE `products`
  ADD PRIMARY KEY (`id`);

--
-- Indexes for table `protypes`
--
ALTER TABLE `protypes`
  ADD PRIMARY KEY (`type_id`);

--
-- AUTO_INCREMENT for dumped tables
--

--
-- AUTO_INCREMENT for table `manufactures`
--
ALTER TABLE `manufactures`
  MODIFY `manu_id` int(11) NOT NULL AUTO_INCREMENT, AUTO_INCREMENT=7;

--
-- AUTO_INCREMENT for table `products`
--
ALTER TABLE `products`
  MODIFY `id` int(11) NOT NULL AUTO_INCREMENT, AUTO_INCREMENT=59;

--
-- AUTO_INCREMENT for table `protypes`
--
ALTER TABLE `protypes`
  MODIFY `type_id` int(11) NOT NULL AUTO_INCREMENT, AUTO_INCREMENT=7;
COMMIT;

/*!40101 SET CHARACTER_SET_CLIENT=@OLD_CHARACTER_SET_CLIENT */;
/*!40101 SET CHARACTER_SET_RESULTS=@OLD_CHARACTER_SET_RESULTS */;
/*!40101 SET COLLATION_CONNECTION=@OLD_COLLATION_CONNECTION */;
